contig_id,cluster_id
k141_28353,20
k141_17448,8
k141_43621,21
k141_32717,10
k141_45802,17
k141_10909,8
k141_15270,10
k141_8725,10
k141_47982,0
k141_37080,20
k141_10911,9
k141_21815,20
k141_43628,19
k141_45805,10
k141_10913,19
k141_30546,9
k141_4368,9
k141_26178,10
k141_32725,2
k141_17450,10
k141_34907,9
k141_15271,9
k141_28365,9
k141_21823,0
k141_4369,21
k141_50172,9
k141_28366,10
k141_37085,20
k141_10918,21
k141_15275,0
k141_32729,0
k141_50175,2
k141_28368,6
k141_21826,11
k141_2191,10
k141_39266,19
k141_6567,2
k141_28370,0
k141_17454,6
k141_26183,20
k141_41462,8
k141_19641,19
k141_37091,8
k141_30558,0
k141_6570,8
k141_24004,9
k141_32736,21
k141_10927,9
k141_28373,20
k141_50181,21
k141_15282,10
k141_34913,2
k141_24005,0
k141_45823,6
k141_39268,6
k141_10929,9
k141_8736,0
k141_41465,0
k141_24006,6
k141_21831,11
k141_6572,10
k141_28374,9
k141_30559,20
k141_50184,9
k141_37097,20
k141_10931,0
k141_6573,20
k141_43658,8
k141_24008,9
k141_47996,9
k141_32740,10
k141_21833,10
k141_4386,11
k141_17459,9
k141_32741,17
k141_10934,10
k141_28381,10
k141_47997,9
k141_34915,21
k141_6577,10
k141_39273,19
k141_37098,18
k141_8743,20
k141_50188,21
k141_17461,21
k141_26194,10
k141_4387,11
k141_21842,21
k141_43662,2
k141_32743,10
k141_24017,19
k141_30565,19
k141_51,6
k141_21843,9
k141_50192,21
k141_28388,21
k141_45833,21
k141_15306,20
k141_2205,9
k141_32745,19
k141_10942,8
k141_54,8
k141_43667,10
k141_34917,21
k141_41469,10
k141_15309,6
k141_28390,10
k141_4394,10
k141_47999,11
k141_50197,21
k141_37113,8
k141_6593,6
k141_15311,17
k141_45839,11
k141_21855,0
k141_61,6
k141_37116,0
k141_24025,10
k141_10947,10
k141_8750,2
k141_48001,6
k141_50199,17
k141_26200,8
k141_39280,2
k141_17476,5
k141_45842,20
k141_10948,6
k141_64,8
k141_28400,6
k141_50200,21
k141_19668,20
k141_24028,20
k141_41482,20
k141_4407,19
k141_19670,8
k141_6604,10
k141_21864,10
k141_2220,8
k141_41483,17
k141_39283,17
k141_13154,6
k141_48005,10
k141_2221,20
k141_21866,10
k141_26204,20
k141_32769,0
k141_19671,9
k141_45844,10
k141_37127,11
k141_50207,9
k141_21867,10
k141_13156,6
k141_39285,6
k141_19672,20
k141_24039,10
k141_28411,6
k141_26206,21
k141_30582,6
k141_8757,17
k141_39286,20
k141_13159,9
k141_6610,10
k141_19677,20
k141_45847,19
k141_43698,20
k141_4422,10
k141_13160,8
k141_34933,19
k141_24042,9
k141_6615,19
k141_45850,21
k141_15333,11
k141_21873,9
k141_8759,2
k141_48019,21
k141_50218,6
k141_39293,21
k141_80,17
k141_32783,20
k141_6616,10
k141_26211,17
k141_43700,21
k141_15334,8
k141_13161,9
k141_19686,20
k141_32785,6
k141_2239,11
k141_37144,19
k141_82,10
k141_50222,17
k141_6618,19
k141_4432,10
k141_48025,19
k141_43704,10
k141_39300,8
k141_2241,9
k141_37148,9
k141_48026,10
k141_30583,11
k141_34942,21
k141_8763,19
k141_87,9
k141_50227,17
k141_19692,20
k141_48027,19
k141_32791,19
k141_24061,6
k141_28433,10
k141_41513,10
k141_37152,10
k141_88,17
k141_6626,20
k141_15335,11
k141_32792,19
k141_26228,17
k141_17510,8
k141_48030,0
k141_45862,9
k141_32793,9
k141_93,9
k141_37154,20
k141_6629,21
k141_21894,17
k141_24068,11
k141_48031,17
k141_15339,19
k141_43714,9
k141_19701,10
k141_50235,8
k141_2249,21
k141_26231,10
k141_30590,17
k141_8766,9
k141_28439,17
k141_10991,0
k141_4450,8
k141_41523,21
k141_37156,11
k141_6631,10
k141_34955,20
k141_39310,9
k141_4451,10
k141_21895,9
k141_6632,18
k141_43716,21
k141_10995,20
k141_4452,8
k141_19707,20
k141_41526,10
k141_30593,10
k141_34956,8
k141_99,11
k141_26237,21
k141_8767,21
k141_37160,19
k141_48036,19
k141_41528,10
k141_45872,19
k141_2255,19
k141_24080,10
k141_4454,10
k141_28440,10
k141_6637,20
k141_102,9
k141_37161,10
k141_15352,19
k141_34959,10
k141_32811,10
k141_6638,10
k141_39320,19
k141_13196,10
k141_4456,21
k141_37163,10
k141_45876,7
k141_32812,9
k141_15353,8
k141_8772,9
k141_4457,8
k141_24087,4
k141_50249,10
k141_34964,8
k141_28448,10
k141_6642,10
k141_30594,10
k141_109,9
k141_4459,21
k141_26252,6
k141_21905,11
k141_8776,10
k141_13203,9
k141_24090,20
k141_10997,9
k141_2261,21
k141_15360,10
k141_50254,21
k141_39331,10
k141_112,8
k141_6648,20
k141_13205,9
k141_41542,9
k141_32818,17
k141_43734,21
k141_28457,17
k141_113,20
k141_39334,6
k141_48052,10
k141_19720,11
k141_43735,17
k141_11002,20
k141_39335,9
k141_2264,6
k141_8780,21
k141_26253,9
k141_41545,10
k141_116,10
k141_30604,21
k141_24099,6
k141_37180,20
k141_21915,10
k141_11003,10
k141_48058,19
k141_50264,0
k141_2265,4
k141_15375,17
k141_43741,6
k141_41546,20
k141_28466,19
k141_13217,10
k141_17544,10
k141_45896,12
k141_39339,10
k141_11004,21
k141_37183,2
k141_24103,8
k141_121,0
k141_8786,0
k141_32832,9
k141_41547,9
k141_6665,20
k141_21917,10
k141_50267,21
k141_48062,19
k141_4468,19
k141_37187,9
k141_2267,6
k141_32835,19
k141_19736,8
k141_50269,10
k141_127,5
k141_26266,10
k141_6668,21
k141_13225,10
k141_43748,11
k141_11008,19
k141_30617,21
k141_41552,9
k141_50270,6
k141_43749,10
k141_8792,9
k141_39348,19
k141_32838,6
k141_28477,8
k141_48069,10
k141_45902,20
k141_37191,10
k141_26271,19
k141_39349,6
k141_32839,2
k141_8794,2
k141_21930,9
k141_37193,6
k141_39350,6
k141_50273,19
k141_34995,10
k141_11014,10
k141_17557,9
k141_2271,9
k141_15386,2
k141_43757,10
k141_135,5
k141_45907,20
k141_37194,21
k141_39351,6
k141_24115,21
k141_13235,8
k141_41558,11
k141_50277,10
k141_43759,6
k141_8798,21
k141_37197,2
k141_28482,8
k141_137,20
k141_45909,10
k141_19745,5
k141_11021,20
k141_21937,6
k141_28483,6
k141_48079,10
k141_41563,10
k141_45910,9
k141_30637,5
k141_19746,9
k141_24119,11
k141_32852,21
k141_21938,8
k141_8801,9
k141_26281,20
k141_11023,20
k141_35001,19
k141_37204,20
k141_17567,17
k141_21940,6
k141_19748,19
k141_37205,20
k141_144,10
k141_13245,8
k141_28487,20
k141_15399,20
k141_43773,10
k141_19749,9
k141_48085,10
k141_39365,6
k141_24125,21
k141_21945,8
k141_45916,10
k141_13246,8
k141_8806,10
k141_43775,2
k141_6697,20
k141_32863,2
k141_146,20
k141_41575,9
k141_30651,8
k141_13247,10
k141_8807,9
k141_24131,10
k141_4482,21
k141_2290,20
k141_48094,20
k141_148,2
k141_15409,5
k141_24132,8
k141_6706,6
k141_43785,21
k141_41579,6
k141_39376,9
k141_37218,21
k141_39377,2
k141_26296,9
k141_19761,21
k141_15410,0
k141_43787,9
k141_24136,8
k141_6709,20
k141_30662,9
k141_32876,9
k141_21955,10
k141_15411,21
k141_43789,10
k141_28507,21
k141_48101,9
k141_17584,10
k141_11048,8
k141_50294,6
k141_2299,20
k141_45932,6
k141_8810,17
k141_26300,10
k141_13263,20
k141_19767,17
k141_11049,10
k141_15413,6
k141_35027,21
k141_48104,4
k141_37226,21
k141_32884,6
k141_43793,0
k141_11053,21
k141_41594,21
k141_4493,19
k141_39379,10
k141_21964,6
k141_11055,20
k141_6722,20
k141_32889,2
k141_37231,10
k141_2305,8
k141_6723,9
k141_30663,17
k141_24149,9
k141_45946,6
k141_35035,6
k141_43801,19
k141_4496,21
k141_8820,20
k141_13275,21
k141_26312,10
k141_45947,10
k141_169,21
k141_21972,9
k141_32892,2
k141_39382,7
k141_19781,10
k141_37236,8
k141_41602,10
k141_8821,10
k141_15429,8
k141_28525,17
k141_21973,17
k141_19782,19
k141_2308,2
k141_45950,10
k141_11064,10
k141_32898,21
k141_48121,19
k141_30670,21
k141_24154,8
k141_13282,0
k141_28527,2
k141_24155,19
k141_4504,21
k141_19786,19
k141_37238,21
k141_45953,10
k141_177,10
k141_15435,21
k141_48126,19
k141_32903,2
k141_41614,6
k141_43813,17
k141_39391,10
k141_8828,2
k141_19790,19
k141_48128,9
k141_45956,20
k141_21987,21
k141_6741,17
k141_4509,20
k141_17602,10
k141_35049,19
k141_39392,9
k141_2317,8
k141_19791,10
k141_15441,10
k141_41618,21
k141_182,19
k141_37243,20
k141_32909,19
k141_35050,9
k141_41619,10
k141_11080,2
k141_50308,10
k141_39398,19
k141_15444,19
k141_28539,20
k141_186,19
k141_6751,21
k141_43824,17
k141_24176,6
k141_17611,11
k141_11085,17
k141_48135,11
k141_21997,10
k141_37246,10
k141_13303,8
k141_24178,17
k141_19799,21
k141_39406,8
k141_8833,9
k141_4512,17
k141_11087,2
k141_28546,10
k141_48138,8
k141_2332,17
k141_24180,19
k141_15453,21
k141_17612,20
k141_13305,9
k141_192,9
k141_15454,17
k141_2333,2
k141_8834,8
k141_32923,21
k141_28549,2
k141_15455,21
k141_24185,9
k141_45971,17
k141_17614,10
k141_4516,21
k141_37254,2
k141_22008,21
k141_43837,20
k141_28550,10
k141_19809,6
k141_48145,19
k141_50314,17
k141_28551,4
k141_32928,9
k141_41638,6
k141_13308,20
k141_45973,8
k141_199,19
k141_43840,10
k141_11095,11
k141_200,2
k141_26349,20
k141_13311,10
k141_17620,10
k141_37265,9
k141_32930,9
k141_19818,21
k141_39422,10
k141_35082,8
k141_6773,20
k141_22017,21
k141_45979,20
k141_37266,17
k141_32931,20
k141_15470,0
k141_2347,9
k141_17622,8
k141_24189,21
k141_43846,9
k141_13318,10
k141_22020,0
k141_4530,10
k141_39426,10
k141_24190,21
k141_26352,21
k141_204,11
k141_32938,10
k141_50326,8
k141_41655,10
k141_17626,2
k141_15479,10
k141_11106,10
k141_50328,6
k141_37278,10
k141_15480,0
k141_24194,8
k141_45990,8
k141_32943,10
k141_28572,20
k141_30724,19
k141_211,9
k141_11108,9
k141_43857,20
k141_39435,20
k141_26360,2
k141_48167,10
k141_50332,17
k141_32944,21
k141_22031,20
k141_35098,9
k141_28576,10
k141_6781,0
k141_48168,21
k141_30726,2
k141_43861,8
k141_2362,8
k141_4534,11
k141_32946,0
k141_37279,9
k141_35099,20
k141_19835,21
k141_24203,17
k141_41666,10
k141_45999,10
k141_22034,10
k141_50341,0
k141_35101,10
k141_2365,20
k141_30730,10
k141_13339,10
k141_17636,8
k141_8862,17
k141_43864,19
k141_6784,10
k141_28584,19
k141_15488,11
k141_43866,10
k141_48178,21
k141_50346,5
k141_39449,10
k141_19845,21
k141_41676,20
k141_4544,17
k141_28589,9
k141_24214,10
k141_43867,19
k141_226,20
k141_8863,19
k141_30738,10
k141_35110,6
k141_32960,8
k141_2370,19
k141_50348,2
k141_28590,9
k141_13349,10
k141_41678,21
k141_17643,8
k141_4546,10
k141_26380,20
k141_39452,10
k141_35112,21
k141_24216,19
k141_48181,10
k141_22044,9
k141_13352,10
k141_232,21
k141_28592,20
k141_46020,17
k141_32965,6
k141_43873,0
k141_4549,9
k141_11136,20
k141_13354,10
k141_50355,0
k141_41684,10
k141_46021,18
k141_234,2
k141_24222,21
k141_6794,10
k141_48184,9
k141_37306,20
k141_35117,2
k141_43879,10
k141_32970,9
k141_8871,10
k141_15509,20
k141_28601,9
k141_24224,20
k141_17653,19
k141_37307,9
k141_46024,20
k141_28602,2
k141_4556,17
k141_6795,8
k141_22056,21
k141_43884,9
k141_15513,6
k141_19858,9
k141_13364,8
k141_24229,9
k141_17659,21
k141_30764,0
k141_11147,21
k141_24230,9
k141_37312,11
k141_46029,9
k141_41698,6
k141_11148,19
k141_37313,21
k141_19860,19
k141_39469,9
k141_6798,17
k141_15518,21
k141_41700,10
k141_17660,10
k141_251,8
k141_37316,9
k141_30768,9
k141_32987,20
k141_6802,6
k141_48206,9
k141_43898,8
k141_13374,8
k141_22062,2
k141_2403,9
k141_28609,11
k141_253,10
k141_50376,21
k141_17662,19
k141_26410,10
k141_37321,19
k141_4572,17
k141_48210,21
k141_43901,10
k141_6806,10
k141_50378,8
k141_35135,10
k141_259,9
k141_46041,9
k141_6807,20
k141_17663,9
k141_13382,10
k141_4574,10
k141_50379,9
k141_41716,21
k141_19873,10
k141_48216,10
k141_28616,10
k141_15528,21
k141_37325,10
k141_17664,17
k141_2414,8
k141_39492,19
k141_24250,20
k141_32992,17
k141_263,19
k141_6813,18
k141_26419,5
k141_19875,21
k141_17666,20
k141_43911,0
k141_46047,9
k141_32995,0
k141_11171,19
k141_24254,0
k141_4583,19
k141_46049,9
k141_269,19
k141_50391,19
k141_41722,9
k141_15538,19
k141_8908,20
k141_30793,11
k141_48225,19
k141_13386,10
k141_24257,2
k141_37333,7
k141_8909,17
k141_30794,0
k141_35154,6
k141_50392,7
k141_6820,9
k141_39505,21
k141_11178,9
k141_2430,19
k141_46055,17
k141_28633,20
k141_33001,2
k141_24261,19
k141_41725,21
k141_37335,10
k141_13393,0
k141_48226,9
k141_35157,17
k141_26435,9
k141_15548,19
k141_28635,21
k141_19894,19
k141_46058,21
k141_37338,2
k141_26438,20
k141_11185,10
k141_4594,21
k141_46059,2
k141_24265,20
k141_48230,19
k141_11186,20
k141_19897,2
k141_33008,10
k141_285,2
k141_6830,21
k141_15553,21
k141_13399,8
k141_11187,8
k141_28640,10
k141_33009,10
k141_43935,21
k141_48234,8
k141_26443,21
k141_46064,9
k141_22103,10
k141_41735,21
k141_2445,19
k141_288,10
k141_6834,10
k141_35170,20
k141_4603,17
k141_41736,20
k141_11190,17
k141_33016,8
k141_30820,19
k141_24276,10
k141_46070,9
k141_15563,19
k141_37347,21
k141_33017,10
k141_50416,10
k141_11192,21
k141_22111,8
k141_26447,10
k141_19907,10
k141_39529,11
k141_46071,19
k141_4611,10
k141_33018,9
k141_22112,8
k141_48243,20
k141_2459,20
k141_50418,10
k141_37348,20
k141_13417,6
k141_43951,17
k141_39532,21
k141_8925,8
k141_35180,9
k141_11195,10
k141_39533,20
k141_48247,19
k141_2460,21
k141_15569,17
k141_46075,8
k141_19916,19
k141_41748,20
k141_35181,20
k141_13423,2
k141_28664,10
k141_2461,10
k141_46076,19
k141_43954,9
k141_11196,8
k141_48250,9
k141_15572,6
k141_4625,10
k141_41750,9
k141_35186,0
k141_30837,19
k141_24297,17
k141_46079,8
k141_48251,10
k141_22117,21
k141_39541,21
k141_37360,8
k141_6857,5
k141_41754,10
k141_309,21
k141_15578,20
k141_30842,9
k141_19921,20
k141_43961,20
k141_24299,20
k141_22123,9
k141_2473,8
k141_33037,10
k141_15582,20
k141_17694,21
k141_30847,17
k141_2474,10
k141_43963,10
k141_39552,8
k141_316,9
k141_8932,10
k141_28670,11
k141_17696,0
k141_19928,20
k141_43966,2
k141_2477,19
k141_13446,19
k141_35202,10
k141_33042,9
k141_26481,21
k141_22131,20
k141_11213,0
k141_41765,20
k141_39555,19
k141_24309,0
k141_13448,19
k141_8933,10
k141_37379,10
k141_33043,10
k141_30849,10
k141_35205,0
k141_19929,21
k141_37380,18
k141_46102,20
k141_4643,10
k141_6874,20
k141_11216,6
k141_19930,8
k141_28679,10
k141_30850,19
k141_33045,2
k141_50453,9
k141_327,19
k141_22134,21
k141_35210,21
k141_46106,20
k141_41773,10
k141_35211,8
k141_8936,21
k141_6880,21
k141_13456,9
k141_17708,10
k141_50456,20
k141_2493,9
k141_15605,2
k141_28682,10
k141_41775,6
k141_43982,20
k141_15606,19
k141_39568,10
k141_50458,2
k141_22140,6
k141_26490,10
k141_4653,10
k141_337,2
k141_2498,10
k141_13459,10
k141_37393,10
k141_15607,8
k141_6886,2
k141_50461,17
k141_8939,17
k141_43988,9
k141_11224,10
k141_4658,10
k141_30871,6
k141_46116,20
k141_6889,10
k141_48287,21
k141_28690,10
k141_13462,6
k141_4660,21
k141_30875,19
k141_43993,2
k141_33058,9
k141_15613,8
k141_344,9
k141_26497,19
k141_39576,11
k141_37400,9
k141_22143,10
k141_48291,17
k141_50470,19
k141_19955,20
k141_28694,20
k141_15616,10
k141_6894,20
k141_30877,19
k141_41787,9
k141_35227,9
k141_349,10
k141_30878,10
k141_11237,20
k141_24345,19
k141_2512,10
k141_46124,11
k141_19957,17
k141_17724,21
k141_8945,9
k141_44001,10
k141_39584,2
k141_352,8
k141_37405,21
k141_15621,10
k141_2513,9
k141_28704,21
k141_46127,9
k141_35229,20
k141_4664,11
k141_39585,9
k141_26503,11
k141_50479,8
k141_15623,9
k141_37408,2
k141_19959,11
k141_17729,0
k141_13470,11
k141_28709,0
k141_24355,20
k141_37411,9
k141_22155,19
k141_2519,10
k141_30889,0
k141_356,9
k141_41801,21
k141_4670,20
k141_48306,21
k141_50481,17
k141_6910,21
k141_8950,9
k141_26511,17
k141_37413,20
k141_24359,21
k141_11251,19
k141_39594,17
k141_44017,21
k141_22158,10
k141_48308,6
k141_26514,10
k141_33078,20
k141_2520,11
k141_4671,10
k141_11252,21
k141_13478,8
k141_28716,10
k141_48309,19
k141_37417,2
k141_41806,10
k141_19966,21
k141_15636,2
k141_33079,9
k141_35246,6
k141_13479,17
k141_50487,21
k141_26518,9
k141_19968,2
k141_15637,17
k141_41808,17
k141_48310,12
k141_11258,10
k141_39595,10
k141_35248,10
k141_37422,9
k141_2525,19
k141_44026,9
k141_4675,10
k141_26521,2
k141_17742,6
k141_30900,9
k141_6920,2
k141_11259,8
k141_46147,17
k141_19970,20
k141_35251,10
k141_370,10
k141_50489,21
k141_28725,17
k141_24372,21
k141_6921,20
k141_48313,20
k141_11263,10
k141_46150,10
k141_30906,6
k141_26523,8
k141_13491,21
k141_37429,11
k141_22176,8
k141_4680,9
k141_41817,10
k141_374,9
k141_2531,10
k141_46152,0
k141_22178,21
k141_35260,19
k141_6924,10
k141_33093,21
k141_26527,2
k141_24378,10
k141_41822,10
k141_19976,11
k141_13493,21
k141_37433,17
k141_39609,21
k141_28737,9
k141_46153,20
k141_19977,9
k141_17755,8
k141_2539,21
k141_37437,17
k141_381,20
k141_4687,0
k141_11276,10
k141_19978,17
k141_48325,21
k141_13496,10
k141_6931,19
k141_39612,20
k141_28739,9
k141_22186,10
k141_2541,9
k141_41830,6
k141_11277,0
k141_8969,20
k141_26535,6
k141_15661,9
k141_22187,9
k141_4692,20
k141_50511,6
k141_28742,10
k141_44047,11
k141_39617,21
k141_15664,9
k141_6934,20
k141_392,17
k141_46162,21
k141_33111,10
k141_13504,10
k141_24387,14
k141_44050,10
k141_46163,21
k141_395,19
k141_30920,11
k141_6936,8
k141_41841,20
k141_15668,10
k141_2547,11
k141_396,10
k141_8974,10
k141_33116,2
k141_50520,6
k141_48342,10
k141_28751,21
k141_46165,2
k141_41842,8
k141_15671,9
k141_50522,10
k141_17770,2
k141_2549,10
k141_26549,20
k141_13505,11
k141_8975,8
k141_19991,10
k141_39629,10
k141_24395,5
k141_22200,10
k141_35285,10
k141_11295,20
k141_33120,17
k141_6943,10
k141_37461,4
k141_41845,10
k141_50525,8
k141_44063,10
k141_17772,9
k141_48350,21
k141_2555,21
k141_22201,20
k141_6945,21
k141_24398,11
k141_28757,20
k141_26556,21
k141_33121,8
k141_408,9
k141_2557,4
k141_30934,17
k141_46177,10
k141_19997,9
k141_26560,21
k141_17773,6
k141_13512,20
k141_50530,8
k141_11305,9
k141_39637,6
k141_2559,20
k141_22206,17
k141_412,0
k141_37470,21
k141_24402,19
k141_41854,17
k141_6952,9
k141_15691,9
k141_13514,8
k141_30937,10
k141_28765,9
k141_37472,19
k141_415,19
k141_26564,9
k141_24403,19
k141_2563,6
k141_13515,20
k141_8990,9
k141_11313,2
k141_48365,9
k141_50538,10
k141_13517,2
k141_8991,10
k141_24406,2
k141_39647,9
k141_15697,19
k141_4732,6
k141_30944,10
k141_50540,10
k141_22216,10
k141_2565,10
k141_20011,0
k141_35312,19
k141_28772,10
k141_423,21
k141_15700,17
k141_24409,0
k141_4734,17
k141_30947,21
k141_35314,21
k141_425,21
k141_26574,17
k141_11319,10
k141_28774,8
k141_8998,6
k141_30948,10
k141_48374,9
k141_24412,20
k141_13525,21
k141_28775,10
k141_24413,20
k141_50546,19
k141_13526,10
k141_2575,2
k141_33149,10
k141_15707,0
k141_9002,2
k141_50547,17
k141_2576,21
k141_432,5
k141_48377,8
k141_15708,2
k141_30954,10
k141_41879,21
k141_20023,20
k141_44096,2
k141_22231,20
k141_13530,21
k141_28781,8
k141_33151,10
k141_41881,0
k141_48380,19
k141_15711,19
k141_6982,0
k141_24419,10
k141_30958,19
k141_50550,10
k141_37500,10
k141_28785,6
k141_26590,9
k141_39665,9
k141_15712,19
k141_41883,10
k141_9009,17
k141_44103,20
k141_20030,9
k141_35325,21
k141_33152,9
k141_30962,10
k141_35327,19
k141_11338,21
k141_28786,6
k141_15716,5
k141_46217,10
k141_33153,9
k141_30963,20
k141_22242,8
k141_17790,0
k141_41887,10
k141_33154,20
k141_50559,6
k141_28788,10
k141_35330,0
k141_37508,8
k141_26596,10
k141_11339,9
k141_22244,5
k141_41889,2
k141_13545,0
k141_48385,10
k141_30967,6
k141_20037,21
k141_455,20
k141_35333,9
k141_37509,10
k141_24430,8
k141_6997,21
k141_46221,17
k141_41890,17
k141_13546,10
k141_33161,20
k141_48387,20
k141_15724,10
k141_17791,21
k141_26599,10
k141_35334,19
k141_457,10
k141_4751,11
k141_20039,21
k141_11343,21
k141_9026,20
k141_50566,9
k141_46222,10
k141_28799,20
k141_22254,17
k141_24435,11
k141_4755,8
k141_37517,10
k141_26606,20
k141_24436,8
k141_30970,10
k141_48393,20
k141_41902,10
k141_7007,10
k141_44114,9
k141_30971,10
k141_22257,21
k141_50571,9
k141_15732,20
k141_24439,10
k141_13560,18
k141_7008,0
k141_472,10
k141_39694,8
k141_30975,11
k141_2614,8
k141_48399,19
k141_28806,10
k141_41905,21
k141_35352,10
k141_37526,20
k141_20053,9
k141_39697,21
k141_22265,17
k141_37527,19
k141_17799,0
k141_46236,9
k141_20054,9
k141_39698,20
k141_15744,19
k141_4767,0
k141_48402,17
k141_9043,20
k141_50582,9
k141_2618,10
k141_44119,10
k141_28810,10
k141_11355,10
k141_33171,11
k141_20055,8
k141_35357,2
k141_50586,17
k141_13566,11
k141_30986,8
k141_33173,9
k141_15749,17
k141_9048,19
k141_20057,21
k141_4768,19
k141_41912,20
k141_26624,21
k141_39705,8
k141_7025,21
k141_48406,21
k141_20058,8
k141_46242,10
k141_30987,10
k141_41913,10
k141_28815,8
k141_493,17
k141_17800,21
k141_48409,17
k141_11364,21
k141_50594,6
k141_7028,9
k141_24465,10
k141_44125,20
k141_22284,8
k141_4773,9
k141_48411,20
k141_11367,8
k141_30990,11
k141_35369,20
k141_26634,8
k141_7031,10
k141_50600,6
k141_24471,0
k141_20066,0
k141_41923,19
k141_9059,21
k141_35372,21
k141_2636,11
k141_11372,17
k141_7036,8
k141_9062,6
k141_28832,6
k141_506,9
k141_20072,9
k141_17805,17
k141_30999,2
k141_37557,10
k141_13590,19
k141_24480,17
k141_26643,17
k141_46261,20
k141_7038,20
k141_48421,19
k141_22295,21
k141_11381,10
k141_9067,2
k141_2639,19
k141_41933,20
k141_4791,19
k141_20073,8
k141_39731,10
k141_50612,0
k141_48423,2
k141_7042,6
k141_26646,9
k141_37561,21
k141_15783,21
k141_46268,20
k141_24487,8
k141_20077,6
k141_44138,21
k141_22298,19
k141_28843,9
k141_13595,21
k141_48424,6
k141_31008,19
k141_35386,10
k141_37564,21
k141_44139,6
k141_33211,20
k141_13600,21
k141_31010,10
k141_28847,10
k141_11391,21
k141_4800,6
k141_22304,19
k141_26653,8
k141_20082,12
k141_28848,9
k141_39740,9
k141_15793,9
k141_46272,8
k141_41945,8
k141_33215,9
k141_17814,17
k141_20083,9
k141_31016,2
k141_44145,10
k141_28849,9
k141_39744,8
k141_46275,19
k141_533,20
k141_11397,10
k141_13609,17
k141_2654,17
k141_22313,17
k141_535,9
k141_4809,10
k141_39746,9
k141_28855,19
k141_7060,11
k141_35403,21
k141_536,9
k141_9093,17
k141_46276,19
k141_22314,20
k141_48443,6
k141_17820,19
k141_2658,0
k141_20085,10
k141_26667,20
k141_15797,11
k141_39747,8
k141_37584,0
k141_7061,10
k141_33224,0
k141_41955,9
k141_44155,9
k141_4811,10
k141_39748,20
k141_46279,9
k141_26671,10
k141_39749,6
k141_31029,10
k141_11411,10
k141_544,6
k141_7065,0
k141_28864,10
k141_24518,10
k141_22318,8
k141_33230,10
k141_4813,10
k141_15802,10
k141_2664,2
k141_20088,9
k141_35416,9
k141_22319,10
k141_13623,18
k141_4814,10
k141_31032,2
k141_44162,0
k141_28867,21
k141_9104,10
k141_17830,20
k141_33233,10
k141_547,9
k141_39752,20
k141_41966,20
k141_20091,10
k141_35420,21
k141_44165,2
k141_26679,21
k141_15809,8
k141_9108,6
k141_7073,21
k141_31037,20
k141_50650,9
k141_13632,9
k141_28874,9
k141_11422,9
k141_4816,9
k141_17835,21
k141_44168,2
k141_15814,9
k141_22329,2
k141_26683,20
k141_11425,6
k141_35426,9
k141_50655,20
k141_33238,9
k141_41977,7
k141_17838,8
k141_48469,9
k141_28881,8
k141_15816,9
k141_37608,19
k141_20102,19
k141_39764,19
k141_7079,17
k141_41978,10
k141_46302,21
k141_39765,0
k141_26690,2
k141_35430,9
k141_28884,6
k141_13643,20
k141_22331,10
k141_17841,9
k141_41983,21
k141_7086,0
k141_9126,21
k141_4835,21
k141_22332,20
k141_39771,2
k141_17842,2
k141_24540,11
k141_20112,10
k141_31057,6
k141_41986,17
k141_44185,5
k141_571,21
k141_11441,15
k141_35435,10
k141_22334,6
k141_37621,20
k141_33255,3
k141_2691,10
k141_20116,19
k141_22335,19
k141_26696,11
k141_13653,21
k141_4842,21
k141_35437,19
k141_22337,20
k141_28897,2
k141_15835,10
k141_9137,10
k141_44189,19
k141_39781,6
k141_15836,0
k141_46316,17
k141_28901,2
k141_13657,10
k141_44191,17
k141_7100,2
k141_37631,6
k141_4845,11
k141_588,19
k141_48495,9
k141_33264,21
k141_46317,2
k141_24554,2
k141_28904,17
k141_589,9
k141_13662,21
k141_42002,19
k141_35447,9
k141_50682,10
k141_22345,21
k141_33267,2
k141_2706,10
k141_39788,6
k141_48498,20
k141_44197,21
k141_50684,10
k141_9149,19
k141_594,21
k141_22347,17
k141_26706,10
k141_15850,9
k141_31077,20
k141_24563,21
k141_20134,6
k141_42009,10
k141_22349,6
k141_599,8
k141_50688,20
k141_33274,10
k141_46331,10
k141_28914,10
k141_17854,4
k141_7111,11
k141_48508,9
k141_20137,0
k141_50689,10
k141_31081,20
k141_33276,20
k141_9155,10
k141_4864,20
k141_7114,9
k141_13681,21
k141_605,6
k141_48510,10
k141_35463,19
k141_26717,9
k141_24568,21
k141_9157,21
k141_7116,2
k141_50693,11
k141_20143,10
k141_11476,2
k141_33278,21
k141_44214,10
k141_4869,21
k141_31087,10
k141_35467,21
k141_9160,10
k141_37661,21
k141_20145,10
k141_15867,21
k141_22363,10
k141_39808,8
k141_4872,21
k141_44218,10
k141_33282,21
k141_35472,20
k141_48511,11
k141_15871,17
k141_31096,20
k141_17857,10
k141_50701,9
k141_35473,6
k141_24583,10
k141_42029,8
k141_37666,9
k141_28936,19
k141_46352,0
k141_623,21
k141_2739,9
k141_50703,6
k141_26733,6
k141_7132,9
k141_9173,8
k141_44224,20
k141_15874,9
k141_13706,5
k141_4879,20
k141_28938,8
k141_7133,17
k141_50704,21
k141_22377,0
k141_630,21
k141_2745,8
k141_31104,10
k141_24590,20
k141_50705,0
k141_13708,9
k141_37675,19
k141_2746,21
k141_7137,17
k141_24591,17
k141_634,17
k141_9181,2
k141_17864,21
k141_22378,10
k141_4887,19
k141_42041,11
k141_35476,21
k141_635,10
k141_48525,2
k141_33301,9
k141_9182,9
k141_26745,6
k141_42042,6
k141_31108,20
k141_28942,9
k141_44233,6
k141_638,20
k141_13715,8
k141_37681,21
k141_39830,19
k141_22381,18
k141_15889,21
k141_26747,6
k141_20173,6
k141_44235,17
k141_11510,10
k141_46371,9
k141_31115,21
k141_4890,9
k141_24598,8
k141_641,20
k141_7149,7
k141_15892,20
k141_46373,21
k141_42050,6
k141_33309,2
k141_2759,19
k141_35486,10
k141_9185,11
k141_48539,9
k141_37684,19
k141_20177,8
k141_22390,21
k141_24602,17
k141_646,20
k141_46377,21
k141_7154,2
k141_39840,9
k141_15896,20
k141_24605,6
k141_31123,6
k141_50729,20
k141_39841,10
k141_11520,9
k141_26756,8
k141_37687,10
k141_2763,20
k141_9188,21
k141_4893,9
k141_44246,9
k141_28957,10
k141_22398,6
k141_11522,6
k141_31124,17
k141_24606,20
k141_50731,9
k141_17875,9
k141_15902,21
k141_42054,9
k141_4894,21
k141_28958,10
k141_33319,11
k141_20187,9
k141_9191,8
k141_50734,20
k141_22401,8
k141_37690,10
k141_13739,9
k141_15905,8
k141_50735,20
k141_48559,21
k141_35505,20
k141_9192,10
k141_26765,20
k141_13741,17
k141_28962,17
k141_24617,10
k141_31131,19
k141_42060,0
k141_48560,0
k141_17880,10
k141_665,21
k141_37692,11
k141_31132,10
k141_28963,10
k141_35508,20
k141_44257,9
k141_9195,10
k141_20194,19
k141_2774,10
k141_26766,17
k141_33329,19
k141_22409,0
k141_37695,21
k141_11532,20
k141_50738,10
k141_46397,20
k141_39857,9
k141_9198,20
k141_22410,9
k141_35513,10
k141_7173,8
k141_15919,21
k141_39858,20
k141_9199,10
k141_44260,20
k141_31135,9
k141_2781,20
k141_37701,10
k141_20200,6
k141_42072,0
k141_13758,21
k141_50746,6
k141_4906,9
k141_24631,21
k141_35519,9
k141_22418,19
k141_48577,9
k141_20203,20
k141_7181,21
k141_15927,10
k141_37702,10
k141_33340,11
k141_685,20
k141_17894,2
k141_46408,10
k141_26782,17
k141_20207,8
k141_39869,0
k141_50752,9
k141_42082,9
k141_35525,10
k141_9211,17
k141_22424,0
k141_7185,0
k141_33343,9
k141_28986,20
k141_37708,8
k141_24638,9
k141_15932,20
k141_22425,6
k141_46409,11
k141_20211,8
k141_9214,19
k141_48584,6
k141_7187,10
k141_26788,20
k141_24639,10
k141_50756,19
k141_28990,6
k141_15934,6
k141_42087,6
k141_33349,20
k141_48585,9
k141_46411,10
k141_26789,10
k141_17902,10
k141_31139,11
k141_42088,21
k141_11564,21
k141_701,0
k141_39881,21
k141_7195,20
k141_35532,21
k141_50759,6
k141_2802,20
k141_13776,20
k141_4913,9
k141_22435,9
k141_48590,2
k141_44269,17
k141_20218,6
k141_24640,11
k141_26791,20
k141_35533,19
k141_42091,8
k141_37721,9
k141_9224,17
k141_22436,6
k141_15945,10
k141_13778,5
k141_31149,8
k141_2804,21
k141_50765,10
k141_20220,10
k141_26793,0
k141_33355,17
k141_29001,9
k141_13780,21
k141_7202,9
k141_46421,17
k141_709,9
k141_22442,19
k141_29002,21
k141_48597,2
k141_4922,10
k141_50769,10
k141_20226,20
k141_37728,6
k141_11577,10
k141_24653,17
k141_39894,6
k141_35545,2
k141_13784,20
k141_31154,20
k141_33360,10
k141_44275,2
k141_50770,6
k141_29008,17
k141_2811,6
k141_22449,10
k141_26802,0
k141_31157,9
k141_13788,6
k141_4928,21
k141_46423,10
k141_15960,10
k141_7209,10
k141_24660,9
k141_9239,21
k141_13789,0
k141_31160,17
k141_48606,21
k141_37732,10
k141_46426,10
k141_9240,20
k141_29011,8
k141_39904,17
k141_35556,6
k141_33370,10
k141_31163,0
k141_50778,10
k141_7215,10
k141_29012,19
k141_2820,10
k141_48611,9
k141_42118,6
k141_24666,6
k141_20241,20
k141_17930,17
k141_7216,17
k141_26812,9
k141_730,8
k141_44282,9
k141_50784,6
k141_39910,21
k141_11596,17
k141_37736,10
k141_26814,20
k141_9247,2
k141_24670,21
k141_31167,17
k141_7219,19
k141_44283,10
k141_734,6
k141_33382,2
k141_2828,6
k141_13807,8
k141_33383,10
k141_735,2
k141_24672,21
k141_20250,19
k141_9253,20
k141_15979,8
k141_48622,19
k141_26818,21
k141_35570,6
k141_29025,10
k141_7223,4
k141_37744,20
k141_13811,17
k141_24673,19
k141_9254,21
k141_739,20
k141_33388,21
k141_20253,0
k141_11599,21
k141_29026,21
k141_31171,2
k141_39922,6
k141_17936,10
k141_22479,19
k141_20254,20
k141_29029,5
k141_50797,20
k141_39923,19
k141_15986,17
k141_46447,11
k141_35572,20
k141_7230,9
k141_42143,21
k141_9258,17
k141_22481,6
k141_11608,10
k141_33395,11
k141_20259,10
k141_24676,9
k141_31180,20
k141_13822,21
k141_39927,8
k141_50800,11
k141_46450,21
k141_26828,19
k141_11609,9
k141_751,5
k141_42145,8
k141_13823,2
k141_4964,10
k141_2844,10
k141_33399,21
k141_20261,10
k141_9264,19
k141_26830,10
k141_24677,11
k141_7237,10
k141_755,9
k141_4966,19
k141_17944,20
k141_37763,10
k141_20262,10
k141_29042,19
k141_13827,20
k141_50807,19
k141_31189,20
k141_757,10
k141_24682,9
k141_9266,9
k141_33401,10
k141_16002,20
k141_2850,21
k141_11614,11
k141_50808,10
k141_4969,10
k141_48639,11
k141_13830,8
k141_22487,20
k141_35588,17
k141_7243,10
k141_37770,9
k141_17949,21
k141_29046,21
k141_4971,2
k141_46460,19
k141_26833,9
k141_20270,10
k141_35589,10
k141_42156,10
k141_24687,10
k141_37773,21
k141_2858,20
k141_20272,19
k141_48646,9
k141_42157,9
k141_4976,2
k141_22495,21
k141_7247,19
k141_16014,6
k141_46466,9
k141_37775,8
k141_9277,19
k141_50817,21
k141_771,20
k141_13843,21
k141_44324,17
k141_46467,19
k141_50818,0
k141_37776,21
k141_9279,10
k141_42159,20
k141_24691,21
k141_33418,10
k141_48649,10
k141_772,9
k141_17957,9
k141_22500,17
k141_16020,10
k141_46468,17
k141_13844,10
k141_2863,20
k141_20278,10
k141_4984,20
k141_16021,0
k141_11637,0
k141_39945,9
k141_42164,10
k141_26849,10
k141_2865,10
k141_46472,10
k141_48654,9
k141_776,10
k141_13847,19
k141_46473,10
k141_29056,10
k141_44328,21
k141_7261,20
k141_37780,2
k141_26852,20
k141_9288,8
k141_31212,11
k141_24699,10
k141_22508,21
k141_13850,20
k141_33427,10
k141_2868,20
k141_46476,8
k141_31213,8
k141_35609,20
k141_33428,6
k141_9290,20
k141_26853,10
k141_44330,10
k141_24702,17
k141_46478,6
k141_22510,20
k141_42173,21
k141_13855,21
k141_31214,9
k141_50840,9
k141_29065,21
k141_2872,20
k141_9294,0
k141_37791,0
k141_22513,2
k141_26857,0
k141_35615,19
k141_31215,9
k141_16039,0
k141_39965,6
k141_7272,8
k141_42180,9
k141_2876,19
k141_44334,19
k141_37795,20
k141_798,10
k141_50843,11
k141_26859,20
k141_7276,21
k141_39968,10
k141_11659,0
k141_22520,19
k141_35622,10
k141_20300,20
k141_29074,6
k141_799,19
k141_26861,7
k141_48674,19
k141_39972,6
k141_802,0
k141_2878,20
k141_26864,5
k141_9304,6
k141_2879,9
k141_48677,19
k141_803,20
k141_20305,20
k141_42191,10
k141_26866,8
k141_2881,19
k141_7287,2
k141_13878,21
k141_806,9
k141_22527,18
k141_46498,9
k141_24729,11
k141_5018,11
k141_807,20
k141_31239,10
k141_37814,10
k141_2883,9
k141_42196,6
k141_9309,19
k141_50859,21
k141_33457,8
k141_48684,6
k141_29082,8
k141_11674,10
k141_16062,17
k141_26872,10
k141_5020,9
k141_50860,19
k141_17981,10
k141_37815,9
k141_811,19
k141_24736,21
k141_7295,20
k141_5022,21
k141_42200,17
k141_35643,17
k141_31243,10
k141_39989,8
k141_20311,21
k141_22535,10
k141_29084,21
k141_2892,19
k141_46506,17
k141_24737,10
k141_42204,21
k141_7298,2
k141_11686,10
k141_20317,21
k141_35651,20
k141_9322,8
k141_22539,10
k141_825,10
k141_7299,10
k141_31252,20
k141_16077,20
k141_50867,11
k141_2898,9
k141_20319,9
k141_13903,8
k141_48699,2
k141_5033,19
k141_9323,19
k141_33477,20
k141_37831,19
k141_16079,10
k141_2899,19
k141_7302,20
k141_31253,10
k141_20322,9
k141_17987,19
k141_13907,21
k141_37834,8
k141_40003,8
k141_16082,9
k141_29097,6
k141_11695,10
k141_48705,10
k141_2902,10
k141_5034,11
k141_31256,0
k141_42217,6
k141_13909,10
k141_9331,10
k141_26895,20
k141_11696,10
k141_40006,8
k141_46526,6
k141_50877,20
k141_37837,10
k141_20327,10
k141_5036,9
k141_42219,10
k141_2906,9
k141_46528,9
k141_35670,21
k141_33479,17
k141_44366,21
k141_29102,17
k141_5037,21
k141_11697,10
k141_26901,19
k141_37843,5
k141_42224,6
k141_22560,20
k141_834,10
k141_48714,8
k141_2911,0
k141_20337,10
k141_17994,11
k141_42227,17
k141_40017,10
k141_9342,20
k141_836,21
k141_35675,9
k141_50886,8
k141_44369,21
k141_22563,10
k141_13917,11
k141_5039,11
k141_7305,11
k141_11704,17
k141_46536,19
k141_29104,11
k141_35676,19
k141_48719,9
k141_37850,19
k141_24780,10
k141_16099,21
k141_50890,0
k141_13920,21
k141_11706,10
k141_2919,20
k141_44371,20
k141_37853,20
k141_22567,9
k141_842,2
k141_42240,19
k141_11707,10
k141_20346,2
k141_2920,2
k141_7306,10
k141_33493,10
k141_48724,2
k141_18001,8
k141_22568,6
k141_24785,20
k141_40027,21
k141_5047,0
k141_13921,6
k141_846,2
k141_16108,20
k141_40028,0
k141_48727,21
k141_37856,21
k141_9358,8
k141_29117,8
k141_35691,20
k141_46547,9
k141_16111,21
k141_50899,21
k141_20352,20
k141_35692,10
k141_42244,5
k141_847,10
k141_9360,8
k141_44383,8
k141_33500,21
k141_24793,21
k141_5052,20
k141_2932,6
k141_31292,8
k141_9361,17
k141_37864,19
k141_26928,8
k141_50902,8
k141_44385,10
k141_16120,8
k141_48736,21
k141_22584,5
k141_20357,20
k141_11727,9
k141_29127,8
k141_9365,21
k141_5057,9
k141_22585,9
k141_18015,10
k141_24801,20
k141_16121,19
k141_50906,21
k141_20359,0
k141_33505,10
k141_22586,9
k141_35699,10
k141_31299,20
k141_24802,10
k141_48740,8
k141_40043,10
k141_11729,17
k141_29129,21
k141_42254,20
k141_37871,21
k141_7320,20
k141_26937,8
k141_44392,10
k141_20360,19
k141_31303,21
k141_35701,2
k141_26939,19
k141_33509,10
k141_16129,8
k141_868,6
k141_24808,21
k141_9374,9
k141_29135,10
k141_22594,8
k141_18022,9
k141_40050,21
k141_46568,19
k141_31307,20
k141_42261,21
k141_48746,9
k141_33512,6
k141_11734,10
k141_50920,9
k141_35706,20
k141_9377,19
k141_5073,6
k141_33513,0
k141_26947,21
k141_16135,9
k141_2957,10
k141_29141,8
k141_40051,11
k141_9379,17
k141_46576,20
k141_50924,10
k141_18027,11
k141_2958,6
k141_11739,0
k141_16138,20
k141_44407,19
k141_40052,20
k141_18030,20
k141_5079,17
k141_7329,20
k141_31315,10
k141_35718,21
k141_48751,20
k141_22605,2
k141_24822,19
k141_20377,10
k141_9387,8
k141_5082,10
k141_24823,8
k141_35720,10
k141_13963,21
k141_37896,19
k141_44409,11
k141_18032,17
k141_2965,10
k141_42278,2
k141_29154,19
k141_5084,19
k141_11748,8
k141_50927,11
k141_22610,10
k141_16147,6
k141_33530,9
k141_26959,10
k141_2967,8
k141_9388,9
k141_20385,9
k141_44411,21
k141_37899,11
k141_46582,10
k141_13964,8
k141_29156,10
k141_35728,10
k141_26960,10
k141_881,11
k141_7332,21
k141_48761,8
k141_16148,8
k141_18038,10
k141_29157,8
k141_20388,21
k141_882,19
k141_31331,2
k141_42283,21
k141_35729,10
k141_37903,8
k141_5091,6
k141_22616,9
k141_9395,9
k141_31332,9
k141_29159,6
k141_16150,21
k141_48763,20
k141_42287,10
k141_37906,8
k141_33540,10
k141_7334,17
k141_29160,10
k141_5095,17
k141_22617,20
k141_44422,0
k141_35736,18
k141_33543,10
k141_29165,8
k141_26973,10
k141_42293,9
k141_20400,21
k141_18048,21
k141_40083,10
k141_897,10
k141_42295,20
k141_26975,6
k141_11776,9
k141_9405,9
k141_48773,10
k141_18049,8
k141_20402,8
k141_31345,8
k141_44431,19
k141_26977,10
k141_33550,20
k141_9406,17
k141_24858,21
k141_901,21
k141_9407,8
k141_24860,9
k141_13993,6
k141_20408,20
k141_29178,19
k141_48781,10
k141_16173,19
k141_35751,2
k141_22638,9
k141_46616,2
k141_26983,20
k141_40094,20
k141_29181,17
k141_31354,10
k141_2999,19
k141_33561,12
k141_42307,20
k141_46617,21
k141_7346,20
k141_5115,21
k141_9417,10
k141_20414,10
k141_24867,6
k141_44443,17
k141_37933,10
k141_911,9
k141_14002,21
k141_16180,10
k141_7347,9
k141_33565,21
k141_26988,21
k141_22646,9
k141_20416,9
k141_913,11
k141_46622,19
k141_5121,17
k141_50968,20
k141_14005,0
k141_35759,10
k141_914,10
k141_3006,11
k141_44446,18
k141_24876,19
k141_11802,20
k141_20419,2
k141_48790,10
k141_5123,21
k141_9423,20
k141_7355,6
k141_33569,17
k141_18067,17
k141_46626,5
k141_40106,9
k141_35760,2
k141_24879,9
k141_9424,10
k141_44449,19
k141_5124,10
k141_40107,17
k141_48792,20
k141_11808,10
k141_37948,6
k141_16191,10
k141_24881,19
k141_42324,21
k141_29200,19
k141_20426,10
k141_14010,10
k141_27002,10
k141_924,21
k141_3018,21
k141_11810,2
k141_18071,21
k141_35768,6
k141_22665,20
k141_27004,6
k141_9432,0
k141_40109,11
k141_46636,17
k141_44456,10
k141_46637,0
k141_35772,6
k141_42334,8
k141_24890,20
k141_5129,8
k141_20433,8
k141_3027,10
k141_40112,20
k141_50990,21
k141_42336,0
k141_14020,17
k141_9440,21
k141_16209,10
k141_44463,21
k141_27016,0
k141_24891,20
k141_35776,9
k141_42339,2
k141_939,20
k141_37964,6
k141_48807,11
k141_24892,6
k141_40117,21
k141_940,5
k141_33593,9
k141_37967,17
k141_50998,2
k141_7382,10
k141_44467,9
k141_22686,21
k141_31389,10
k141_29222,21
k141_46651,20
k141_42347,17
k141_3037,8
k141_48813,21
k141_5136,21
k141_20452,2
k141_37971,21
k141_949,21
k141_51003,0
k141_27029,10
k141_9454,8
k141_29228,0
k141_16225,21
k141_24900,10
k141_35785,20
k141_37972,19
k141_44470,10
k141_20454,10
k141_29229,17
k141_40121,20
k141_3042,6
k141_31396,10
k141_48819,6
k141_14044,2
k141_18099,10
k141_51007,17
k141_27033,10
k141_42358,6
k141_9460,17
k141_11829,10
k141_33608,11
k141_40125,17
k141_955,19
k141_51008,9
k141_16229,20
k141_46662,8
k141_3046,19
k141_44475,10
k141_42360,9
k141_29234,4
k141_46664,19
k141_18101,9
k141_11832,20
k141_9463,21
k141_37981,17
k141_46665,6
k141_40129,20
k141_16233,17
k141_51011,18
k141_9466,17
k141_44478,9
k141_31404,21
k141_5142,8
k141_42362,10
k141_27041,9
k141_22710,9
k141_14059,21
k141_7401,10
k141_31407,17
k141_40132,9
k141_966,21
k141_33620,10
k141_37987,10
k141_48830,17
k141_35802,2
k141_14061,8
k141_5146,10
k141_24920,11
k141_7404,11
k141_29248,20
k141_35803,2
k141_27048,19
k141_48835,20
k141_42371,10
k141_3061,17
k141_33627,10
k141_29250,6
k141_20480,10
k141_27051,10
k141_40142,10
k141_5148,9
k141_14069,20
k141_37996,17
k141_46680,17
k141_11854,2
k141_33631,6
k141_29253,10
k141_24923,9
k141_5149,6
k141_14071,19
k141_31424,21
k141_33632,19
k141_37999,19
k141_22727,10
k141_20486,19
k141_982,19
k141_31425,10
k141_16257,21
k141_7408,11
k141_38001,19
k141_44497,9
k141_9484,11
k141_40149,8
k141_18127,9
k141_33636,20
k141_42388,17
k141_16260,10
k141_48855,19
k141_31429,19
k141_38006,6
k141_51020,21
k141_27065,8
k141_29266,17
k141_3076,21
k141_42389,10
k141_20495,6
k141_9489,6
k141_35814,10
k141_48857,21
k141_11870,21
k141_27066,17
k141_14084,2
k141_31430,9
k141_5158,21
k141_18136,17
k141_35817,21
k141_20505,19
k141_40151,10
k141_24942,10
k141_27070,9
k141_42397,10
k141_46703,20
k141_38011,10
k141_9495,21
k141_44509,10
k141_3081,10
k141_22745,19
k141_16272,0
k141_40152,9
k141_999,11
k141_11878,21
k141_1000,20
k141_35822,19
k141_42400,0
k141_38012,21
k141_11879,0
k141_16274,9
k141_7427,19
k141_31434,20
k141_33650,10
k141_46704,9
k141_22749,9
k141_3087,21
k141_35823,10
k141_33651,10
k141_9503,20
k141_31436,9
k141_38016,6
k141_24953,10
k141_22751,10
k141_44517,10
k141_42402,10
k141_35826,8
k141_9506,19
k141_27085,10
k141_31438,10
k141_1003,10
k141_3092,0
k141_40165,20
k141_51032,0
k141_35829,10
k141_14101,21
k141_18151,21
k141_16285,21
k141_33659,9
k141_46713,21
k141_38022,4
k141_48882,6
k141_5172,10
k141_31440,20
k141_16286,6
k141_29292,3
k141_11892,0
k141_14103,9
k141_9511,19
k141_20523,10
k141_16287,0
k141_48884,9
k141_44522,20
k141_11895,0
k141_38027,10
k141_18157,19
k141_22759,10
k141_48885,10
k141_14104,19
k141_16289,6
k141_5179,9
k141_20525,9
k141_29293,10
k141_31445,2
k141_44527,9
k141_40174,10
k141_51037,10
k141_5181,0
k141_3109,2
k141_1013,9
k141_44529,20
k141_31447,0
k141_40175,17
k141_9519,20
k141_46725,21
k141_35841,20
k141_11902,11
k141_38035,8
k141_33675,20
k141_42427,10
k141_14113,10
k141_24980,9
k141_40178,21
k141_44533,21
k141_51040,10
k141_48892,9
k141_31451,10
k141_7453,11
k141_1020,10
k141_27107,19
k141_31452,17
k141_20536,9
k141_48894,9
k141_42429,9
k141_33677,20
k141_35847,21
k141_51042,19
k141_5190,21
k141_11907,17
k141_3121,17
k141_7457,10
k141_1021,9
k141_24985,2
k141_33678,9
k141_40185,20
k141_35848,9
k141_29312,8
k141_46739,2
k141_14122,11
k141_11909,21
k141_31457,21
k141_51045,20
k141_42435,10
k141_7460,20
k141_38043,20
k141_29315,19
k141_16313,21
k141_44538,17
k141_48902,8
k141_46741,9
k141_31458,21
k141_3127,2
k141_27116,21
k141_1025,9
k141_16314,17
k141_9533,17
k141_46743,0
k141_33685,9
k141_3129,21
k141_29317,10
k141_20541,11
k141_11917,19
k141_35854,8
k141_27117,8
k141_51052,9
k141_16317,19
k141_9534,21
k141_31462,21
k141_38051,9
k141_24996,10
k141_46744,2
k141_48909,8
k141_1028,21
k141_24998,10
k141_38055,9
k141_33689,20
k141_16323,10
k141_5202,10
k141_44548,19
k141_33690,9
k141_29327,21
k141_3133,9
k141_20549,21
k141_7472,0
k141_42452,20
k141_11927,20
k141_44550,0
k141_9542,21
k141_29329,0
k141_27127,9
k141_42453,2
k141_46750,10
k141_25005,10
k141_18194,0
k141_14145,21
k141_5207,5
k141_35871,9
k141_16329,10
k141_44553,2
k141_46752,5
k141_25006,19
k141_48919,20
k141_7476,10
k141_9544,9
k141_51055,11
k141_38056,11
k141_20559,9
k141_40215,20
k141_44554,21
k141_1036,11
k141_29336,20
k141_7478,19
k141_5210,2
k141_48921,10
k141_42458,9
k141_51059,2
k141_31480,10
k141_9546,21
k141_1037,8
k141_18200,21
k141_40218,20
k141_51060,10
k141_3148,19
k141_29340,20
k141_46758,10
k141_38062,9
k141_11939,0
k141_16339,21
k141_25013,9
k141_9548,19
k141_31483,2
k141_14158,20
k141_48929,10
k141_27138,20
k141_22817,9
k141_38064,10
k141_44562,6
k141_33707,10
k141_3153,17
k141_11942,17
k141_9550,8
k141_51064,10
k141_29346,21
k141_46761,20
k141_33708,10
k141_5224,10
k141_40225,6
k141_1047,21
k141_3154,10
k141_7488,10
k141_14164,2
k141_27143,20
k141_48932,17
k141_22823,10
k141_25021,10
k141_31490,9
k141_51067,9
k141_5227,9
k141_1049,19
k141_46763,10
k141_7489,17
k141_16346,9
k141_44566,20
k141_5228,20
k141_3159,21
k141_11950,2
k141_20583,8
k141_25025,9
k141_33716,17
k141_14171,9
k141_7490,19
k141_29354,21
k141_31495,0
k141_38076,21
k141_44568,8
k141_5229,20
k141_33717,2
k141_3161,2
k141_1054,9
k141_31496,21
k141_9560,21
k141_18207,10
k141_20587,21
k141_46771,19
k141_5231,0
k141_3163,8
k141_25030,0
k141_40237,6
k141_31500,21
k141_33718,20
k141_48942,21
k141_29362,10
k141_16352,17
k141_7497,6
k141_1060,20
k141_22837,10
k141_3168,6
k141_29366,21
k141_25035,19
k141_27160,19
k141_33722,9
k141_44579,20
k141_20592,21
k141_51082,6
k141_40239,9
k141_1063,21
k141_27161,6
k141_42494,2
k141_51083,21
k141_11970,10
k141_5241,10
k141_7511,17
k141_25039,10
k141_14193,8
k141_11971,20
k141_9576,21
k141_29374,10
k141_1069,10
k141_3177,17
k141_20600,9
k141_5242,10
k141_31516,20
k141_18225,10
k141_48957,19
k141_7512,2
k141_16368,9
k141_48958,10
k141_1071,9
k141_27169,2
k141_40252,20
k141_44590,2
k141_42504,19
k141_11977,9
k141_51092,18
k141_20606,21
k141_3180,10
k141_9584,9
k141_29381,20
k141_35918,11
k141_42506,21
k141_16372,10
k141_48963,19
k141_38108,10
k141_3183,10
k141_7519,8
k141_1081,8
k141_25054,10
k141_16373,21
k141_48967,8
k141_20613,10
k141_7521,20
k141_22869,20
k141_31531,10
k141_44602,17
k141_1084,8
k141_14212,7
k141_46800,17
k141_33733,17
k141_11986,17
k141_20614,10
k141_22871,9
k141_7523,21
k141_25060,8
k141_31533,8
k141_9596,8
k141_11989,10
k141_14216,20
k141_27180,9
k141_51107,10
k141_46804,10
k141_38117,21
k141_29392,20
k141_25064,20
k141_42520,0
k141_31536,2
k141_5267,9
k141_14217,6
k141_44607,9
k141_1094,6
k141_3197,17
k141_42521,21
k141_5268,17
k141_31537,6
k141_44608,9
k141_7526,21
k141_33735,10
k141_27185,6
k141_20619,8
k141_35937,2
k141_51114,10
k141_25071,9
k141_44611,10
k141_14221,17
k141_42526,20
k141_5274,0
k141_16390,17
k141_12000,19
k141_35939,9
k141_48988,0
k141_25072,21
k141_18252,21
k141_46813,20
k141_9609,19
k141_33740,9
k141_7532,8
k141_44612,9
k141_22883,11
k141_27190,17
k141_1104,8
k141_12002,20
k141_25074,10
k141_20624,20
k141_22884,21
k141_44614,10
k141_31548,2
k141_40290,6
k141_7536,21
k141_48993,21
k141_29408,11
k141_22885,19
k141_31549,17
k141_14232,17
k141_18258,21
k141_44618,9
k141_1110,19
k141_48995,19
k141_5279,20
k141_12003,10
k141_44619,19
k141_16398,11
k141_51129,10
k141_29411,10
k141_3216,20
k141_44620,0
k141_31552,9
k141_46826,0
k141_33745,10
k141_27199,21
k141_9620,21
k141_25085,10
k141_12004,9
k141_22892,21
k141_5283,10
k141_35958,10
k141_51132,6
k141_7549,19
k141_5284,19
k141_44623,10
k141_38151,17
k141_1115,11
k141_9625,21
k141_14245,9
k141_31558,19
k141_42552,10
k141_5286,0
k141_3225,9
k141_29424,21
k141_1118,20
k141_22898,6
k141_18273,21
k141_46835,9
k141_20642,11
k141_35965,10
k141_5288,19
k141_3228,19
k141_44627,11
k141_12015,18
k141_33756,21
k141_31563,9
k141_40307,17
k141_18276,2
k141_14254,2
k141_7561,9
k141_40308,10
k141_22906,20
k141_35970,6
k141_27216,10
k141_25103,19
k141_16421,10
k141_38165,9
k141_40312,21
k141_14259,10
k141_42565,10
k141_12022,8
k141_44638,17
k141_33767,6
k141_1130,9
k141_22912,18
k141_42566,19
k141_14260,9
k141_49028,6
k141_5295,10
k141_27222,6
k141_31573,8
k141_49029,21
k141_1133,19
k141_18284,9
k141_29449,10
k141_20660,20
k141_35975,9
k141_25115,2
k141_51159,10
k141_9651,21
k141_22917,0
k141_46845,10
k141_42574,9
k141_35976,2
k141_1134,9
k141_20664,17
k141_46846,10
k141_42576,10
k141_22919,8
k141_29455,8
k141_3253,9
k141_14274,20
k141_38182,17
k141_22920,19
k141_1136,20
k141_16438,9
k141_7578,10
k141_20667,10
k141_35982,9
k141_33783,17
k141_51170,10
k141_14276,6
k141_38185,19
k141_9659,20
k141_18296,12
k141_46851,19
k141_12039,10
k141_31587,6
k141_29460,21
k141_40336,17
k141_1138,20
k141_9661,8
k141_25128,8
k141_16442,11
k141_51176,6
k141_7585,20
k141_33789,21
k141_20673,21
k141_14282,0
k141_35986,10
k141_25133,9
k141_49033,17
k141_18304,6
k141_9669,17
k141_27248,10
k141_20674,10
k141_14285,10
k141_3268,10
k141_31598,17
k141_12052,21
k141_22923,11
k141_9670,21
k141_44673,6
k141_1146,20
k141_42594,19
k141_46864,10
k141_20675,20
k141_5309,5
k141_12053,10
k141_9671,10
k141_44674,10
k141_3270,10
k141_22926,8
k141_42595,10
k141_33797,21
k141_16452,19
k141_27256,21
k141_9674,20
k141_35998,10
k141_7597,17
k141_42597,2
k141_25145,8
k141_3273,0
k141_44678,9
k141_25147,9
k141_22933,19
k141_18316,0
k141_14299,10
k141_40359,10
k141_49045,20
k141_33806,8
k141_5317,10
k141_22936,2
k141_16459,17
k141_3278,17
k141_42602,9
k141_1152,11
k141_27264,8
k141_3279,5
k141_51190,21
k141_44684,21
k141_36007,17
k141_29490,8
k141_5321,6
k141_25154,8
k141_44685,21
k141_20692,10
k141_16462,19
k141_12072,10
k141_14307,10
k141_51193,5
k141_33815,10
k141_44686,6
k141_9685,21
k141_16464,20
k141_42610,8
k141_18325,10
k141_46872,10
k141_51196,19
k141_5327,10
k141_33819,2
k141_38230,10
k141_7611,2
k141_51197,20
k141_44691,21
k141_22948,19
k141_12073,21
k141_3291,10
k141_1164,19
k141_25163,6
k141_27276,21
k141_46876,9
k141_40373,8
k141_20697,21
k141_16468,21
k141_36008,11
k141_12074,17
k141_22949,6
k141_31633,9
k141_1166,19
k141_40375,10
k141_29494,11
k141_22951,0
k141_51201,0
k141_36011,9
k141_44698,19
k141_38238,10
k141_18336,19
k141_12077,9
k141_40378,19
k141_1169,2
k141_16479,21
k141_51203,17
k141_5337,9
k141_33832,20
k141_14326,9
k141_9697,19
k141_27287,21
k141_7624,9
k141_1171,21
k141_51204,21
k141_31644,19
k141_49069,9
k141_36017,9
k141_38239,6
k141_29502,20
k141_3294,11
k141_25174,8
k141_49070,20
k141_33837,0
k141_18341,20
k141_5343,21
k141_40386,10
k141_14334,0
k141_42636,10
k141_9703,20
k141_1176,9
k141_36020,21
k141_38244,0
k141_1177,20
k141_5346,20
k141_40387,9
k141_16491,19
k141_20716,2
k141_25180,10
k141_51214,9
k141_18349,5
k141_44713,10
k141_40389,10
k141_3303,19
k141_16494,19
k141_5349,9
k141_36025,20
k141_22976,10
k141_38254,10
k141_1189,9
k141_31656,20
k141_25187,19
k141_22977,6
k141_33851,2
k141_36027,10
k141_16498,20
k141_46905,20
k141_51221,19
k141_29519,10
k141_49085,6
k141_5353,20
k141_25188,17
k141_12105,10
k141_16499,6
k141_31657,20
k141_42649,20
k141_29520,6
k141_36030,16
k141_14355,20
k141_20726,19
k141_27311,2
k141_33855,19
k141_25189,21
k141_51222,9
k141_29521,20
k141_38262,21
k141_46908,10
k141_14356,8
k141_3313,21
k141_49089,9
k141_33856,21
k141_16504,8
k141_5357,9
k141_27313,21
k141_20728,21
k141_9720,10
k141_40402,20
k141_22982,19
k141_3314,10
k141_36033,19
k141_25192,9
k141_46911,21
k141_5359,21
k141_3315,19
k141_44721,10
k141_51225,8
k141_14359,9
k141_40404,10
k141_46912,10
k141_42656,20
k141_5361,21
k141_49097,20
k141_36039,21
k141_31662,21
k141_42657,19
k141_38271,21
k141_12116,21
k141_1207,10
k141_31665,21
k141_46914,9
k141_18368,19
k141_40411,2
k141_12118,20
k141_27325,2
k141_33859,11
k141_3324,8
k141_16516,8
k141_29535,10
k141_36047,17
k141_33860,20
k141_31670,8
k141_49106,20
k141_29536,19
k141_38280,20
k141_22987,17
k141_25204,10
k141_40417,21
k141_44724,10
k141_18373,20
k141_42672,10
k141_1209,9
k141_29537,6
k141_36050,9
k141_20741,11
k141_31675,17
k141_5374,9
k141_49111,8
k141_46928,19
k141_27335,10
k141_38286,10
k141_3333,20
k141_20745,20
k141_9737,17
k141_29539,21
k141_18378,10
k141_33871,21
k141_51245,9
k141_5378,21
k141_36054,10
k141_38287,21
k141_7676,21
k141_27336,19
k141_3334,8
k141_40425,19
k141_18379,10
k141_20748,6
k141_29542,10
k141_38289,10
k141_36056,10
k141_1221,17
k141_31687,21
k141_27339,20
k141_49122,10
k141_38290,20
k141_14383,20
k141_3338,21
k141_25220,6
k141_20751,9
k141_16538,10
k141_51250,20
k141_3339,10
k141_33883,19
k141_9747,17
k141_42689,21
k141_38291,10
k141_5389,20
k141_27342,20
k141_31690,9
k141_20753,2
k141_3341,0
k141_16541,20
k141_18386,21
k141_38292,6
k141_7687,21
k141_29550,20
k141_27343,2
k141_49125,9
k141_23011,10
k141_46932,17
k141_14389,0
k141_36066,8
k141_40430,17
k141_5392,20
k141_31694,10
k141_3344,10
k141_51258,0
k141_7691,10
k141_16544,19
k141_5393,8
k141_38294,10
k141_20757,8
k141_18387,0
k141_42699,17
k141_27347,20
k141_12147,21
k141_25232,9
k141_23016,21
k141_44739,9
k141_33895,20
k141_31698,10
k141_14392,9
k141_20759,10
k141_42701,10
k141_12148,9
k141_38296,17
k141_16545,21
k141_49131,10
k141_18390,20
k141_5396,21
k141_9754,11
k141_7696,10
k141_36075,21
k141_29566,10
k141_5397,11
k141_3352,6
k141_44744,19
k141_20762,6
k141_18391,9
k141_1243,20
k141_7697,20
k141_16548,2
k141_51267,6
k141_25239,17
k141_36078,0
k141_31704,10
k141_38303,20
k141_7699,20
k141_14402,20
k141_33907,20
k141_44747,19
k141_3357,21
k141_9761,19
k141_42710,21
k141_38307,10
k141_18398,20
k141_40449,19
k141_16554,19
k141_51274,10
k141_31711,9
k141_23033,9
k141_46954,21
k141_5409,10
k141_33909,21
k141_29579,9
k141_14405,9
k141_31713,10
k141_40450,10
k141_51275,10
k141_1253,20
k141_20774,20
k141_42713,9
k141_36089,20
k141_51276,21
k141_33912,21
k141_27370,20
k141_12170,9
k141_51277,8
k141_31719,21
k141_7704,10
k141_20778,9
k141_16562,10
k141_44760,6
k141_3362,10
k141_27372,10
k141_29586,6
k141_42715,20
k141_46960,10
k141_23044,10
k141_33918,20
k141_1262,0
k141_40458,21
k141_20780,20
k141_12172,0
k141_25260,8
k141_5420,10
k141_38326,17
k141_44763,20
k141_9782,10
k141_18408,10
k141_42720,21
k141_9783,6
k141_44765,10
k141_12174,21
k141_31728,10
k141_25263,19
k141_27378,21
k141_36103,2
k141_18409,9
k141_51288,8
k141_42721,8
k141_1268,20
k141_33924,10
k141_38330,9
k141_46967,9
k141_16573,10
k141_12179,4
k141_29594,9
k141_23049,21
k141_18410,10
k141_25267,21
k141_3371,6
k141_31730,10
k141_38334,5
k141_16575,17
k141_42725,19
k141_49167,6
k141_51292,17
k141_46971,19
k141_31731,6
k141_27385,6
k141_42726,8
k141_38337,10
k141_20792,20
k141_25271,10
k141_36108,9
k141_49168,21
k141_44772,21
k141_16578,20
k141_1276,21
k141_27388,10
k141_31734,0
k141_33936,17
k141_18412,19
k141_29600,11
k141_9794,10
k141_44773,0
k141_27389,6
k141_51299,10
k141_33938,21
k141_31737,21
k141_16581,21
k141_27391,19
k141_20800,19
k141_7732,17
k141_14442,10
k141_9797,0
k141_42734,10
k141_36111,6
k141_18414,20
k141_49175,20
k141_40480,9
k141_3387,20
k141_5432,11
k141_44779,19
k141_33941,21
k141_31740,10
k141_23065,8
k141_29602,10
k141_38354,21
k141_9802,10
k141_25286,2
k141_12199,21
k141_40485,20
k141_7735,20
k141_14448,8
k141_38357,21
k141_16588,10
k141_23069,19
k141_3394,6
k141_42743,9
k141_9805,6
k141_29610,20
k141_1294,2
k141_49184,10
k141_14450,9
k141_16590,9
k141_25290,21
k141_23070,20
k141_7738,9
k141_5440,2
k141_51316,19
k141_31753,17
k141_46987,11
k141_40486,11
k141_49186,10
k141_16591,20
k141_36118,9
k141_29614,21
k141_1297,19
k141_42745,8
k141_44797,19
k141_40488,9
k141_27410,9
k141_5444,9
k141_9810,10
k141_42746,17
k141_14457,11
k141_31759,21
k141_25301,20
k141_27413,2
k141_29620,9
k141_33963,20
k141_42750,6
k141_51325,17
k141_23080,10
k141_3410,10
k141_9815,21
k141_51327,2
k141_36121,8
k141_20832,10
k141_38380,6
k141_12219,21
k141_29624,17
k141_16602,21
k141_44804,9
k141_40496,18
k141_27419,6
k141_31765,9
k141_42758,21
k141_12220,10
k141_7757,0
k141_33971,10
k141_16605,8
k141_38384,20
k141_12221,9
k141_5457,21
k141_7759,5
k141_42761,6
k141_47005,10
k141_49204,6
k141_14472,19
k141_16608,20
k141_33973,20
k141_27425,17
k141_3418,10
k141_47007,20
k141_9826,8
k141_5461,10
k141_23091,21
k141_1319,10
k141_49205,21
k141_44813,20
k141_20845,17
k141_25318,21
k141_27427,6
k141_5463,21
k141_18450,21
k141_7767,8
k141_51343,8
k141_23095,17
k141_14478,20
k141_31778,19
k141_42769,10
k141_25321,9
k141_38396,9
k141_44818,0
k141_5464,9
k141_12234,21
k141_16617,10
k141_40517,21
k141_1323,21
k141_47016,19
k141_42771,8
k141_36133,19
k141_25326,20
k141_38401,21
k141_1326,20
k141_18456,6
k141_9837,8
k141_33985,21
k141_12239,9
k141_38402,19
k141_51351,21
k141_49207,11
k141_33987,10
k141_5475,8
k141_27440,20
k141_23107,11
k141_18460,20
k141_38404,20
k141_16623,6
k141_40525,21
k141_42778,20
k141_7781,21
k141_47019,10
k141_9839,10
k141_31794,21
k141_36138,10
k141_3438,20
k141_18461,8
k141_1334,21
k141_33991,20
k141_27445,10
k141_49212,10
k141_16628,10
k141_7782,8
k141_20866,20
k141_3441,8
k141_1336,10
k141_18462,9
k141_9843,20
k141_5482,2
k141_42784,20
k141_25338,19
k141_33998,21
k141_16632,21
k141_49218,6
k141_5485,20
k141_1340,10
k141_20871,9
k141_9846,20
k141_12255,9
k141_18467,9
k141_23125,17
k141_47028,17
k141_9847,9
k141_44841,19
k141_27456,9
k141_7789,2
k141_25345,21
k141_42793,9
k141_3444,9
k141_16638,10
k141_49224,20
k141_34005,10
k141_36154,9
k141_7790,21
k141_38424,10
k141_47031,20
k141_16640,18
k141_3445,10
k141_25347,6
k141_44844,21
k141_29687,6
k141_9851,17
k141_14516,10
k141_40545,21
k141_12261,19
k141_25348,20
k141_18471,21
k141_44846,8
k141_16641,9
k141_29689,10
k141_40547,0
k141_25349,21
k141_20877,11
k141_5496,6
k141_49231,8
k141_16642,19
k141_42802,17
k141_38428,6
k141_31823,19
k141_12268,6
k141_18473,8
k141_44849,0
k141_40550,19
k141_7797,20
k141_51381,10
k141_3451,9
k141_34012,19
k141_20879,17
k141_47041,10
k141_14523,9
k141_27472,8
k141_12269,8
k141_38430,8
k141_34014,21
k141_23141,19
k141_29698,9
k141_14524,20
k141_25354,2
k141_5505,17
k141_3453,21
k141_23143,20
k141_7799,8
k141_27474,21
k141_34015,21
k141_51386,21
k141_14526,8
k141_5506,19
k141_42808,10
k141_29701,20
k141_49242,17
k141_16650,21
k141_25357,20
k141_31832,10
k141_12273,21
k141_3455,17
k141_18480,20
k141_36174,11
k141_14527,21
k141_7801,9
k141_5509,10
k141_31833,21
k141_29703,10
k141_3456,0
k141_51387,21
k141_40561,9
k141_23147,10
k141_18481,0
k141_34019,9
k141_47050,19
k141_29704,10
k141_9871,8
k141_25358,21
k141_5510,9
k141_42810,10
k141_36176,10
k141_12277,10
k141_1374,21
k141_29706,8
k141_23150,0
k141_20890,21
k141_44866,20
k141_5512,10
k141_7805,21
k141_12278,20
k141_38445,0
k141_40567,9
k141_47052,20
k141_42813,0
k141_23151,17
k141_9876,6
k141_44867,17
k141_7806,10
k141_38446,10
k141_36184,10
k141_3468,11
k141_51397,10
k141_9878,20
k141_23154,17
k141_38448,9
k141_1382,10
k141_40570,10
k141_49258,6
k141_47054,17
k141_5518,21
k141_20895,17
k141_42815,20
k141_51399,20
k141_9880,8
k141_31847,10
k141_47055,10
k141_25371,10
k141_18494,6
k141_23158,9
k141_49260,18
k141_27486,11
k141_34031,0
k141_14540,10
k141_51402,10
k141_23161,9
k141_44878,10
k141_16673,2
k141_47059,21
k141_20899,10
k141_7818,20
k141_3476,20
k141_29713,10
k141_5526,19
k141_44879,10
k141_31849,19
k141_1390,20
k141_3477,19
k141_25377,9
k141_23162,21
k141_47060,10
k141_49263,6
k141_34036,20
k141_38462,11
k141_51408,19
k141_16676,10
k141_25378,19
k141_9887,19
k141_5528,17
k141_29715,10
k141_34037,10
k141_51409,2
k141_1392,10
k141_14542,9
k141_3480,10
k141_38466,6
k141_36203,20
k141_44886,17
k141_18505,10
k141_16681,21
k141_20909,20
k141_51412,17
k141_5532,17
k141_40588,17
k141_34042,9
k141_49271,9
k141_7833,8
k141_1394,21
k141_36206,10
k141_25386,19
k141_5533,20
k141_38472,21
k141_51417,21
k141_20911,10
k141_23178,6
k141_49276,21
k141_14549,6
k141_31867,20
k141_42840,9
k141_25388,20
k141_29728,10
k141_3492,0
k141_20915,19
k141_7839,10
k141_34048,8
k141_40595,9
k141_9902,21
k141_51421,20
k141_47075,10
k141_5534,10
k141_3495,6
k141_42843,8
k141_20918,17
k141_44899,11
k141_12311,19
k141_42844,10
k141_9906,20
k141_31874,10
k141_51423,9
k141_7843,21
k141_12312,8
k141_23185,19
k141_5537,9
k141_29736,17
k141_42846,0
k141_36219,9
k141_7844,2
k141_3498,10
k141_18522,2
k141_1407,8
k141_47076,11
k141_34057,20
k141_44900,21
k141_27522,19
k141_23186,21
k141_51427,0
k141_20925,20
k141_42847,19
k141_40601,10
k141_7847,19
k141_5540,19
k141_12317,10
k141_29741,8
k141_44901,0
k141_34058,10
k141_51428,20
k141_5541,20
k141_42848,20
k141_36222,9
k141_12320,0
k141_47082,2
k141_16705,0
k141_34060,10
k141_18529,5
k141_31886,10
k141_27527,6
k141_9918,0
k141_12323,20
k141_3508,0
k141_49298,10
k141_29749,19
k141_14559,20
k141_40610,0
k141_7855,8
k141_1419,19
k141_34063,9
k141_36228,9
k141_23196,9
k141_16711,19
k141_25409,11
k141_38487,17
k141_40612,19
k141_20940,20
k141_29750,17
k141_14561,9
k141_12328,20
k141_3514,21
k141_51441,10
k141_5553,6
k141_42857,20
k141_47088,9
k141_34064,0
k141_23198,9
k141_38490,17
k141_31893,8
k141_16713,9
k141_27536,8
k141_49304,19
k141_20943,10
k141_16714,6
k141_7863,9
k141_36237,8
k141_5556,17
k141_12334,0
k141_31894,20
k141_34070,10
k141_14566,9
k141_44923,21
k141_49305,21
k141_7865,10
k141_27541,20
k141_25415,21
k141_40619,9
k141_20949,0
k141_18544,10
k141_34072,10
k141_23202,11
k141_1430,8
k141_29760,9
k141_36242,0
k141_42869,19
k141_49309,21
k141_38503,0
k141_12341,9
k141_5564,9
k141_3520,9
k141_49310,6
k141_25420,8
k141_27543,10
k141_29766,21
k141_14575,10
k141_20954,19
k141_16724,21
k141_38504,10
k141_3521,6
k141_36246,9
k141_9941,10
k141_42875,8
k141_14577,9
k141_7878,20
k141_29771,4
k141_20958,20
k141_44935,8
k141_40633,2
k141_16730,0
k141_5572,10
k141_25427,20
k141_3527,19
k141_23218,19
k141_9946,10
k141_5573,9
k141_14585,20
k141_12355,8
k141_49319,6
k141_29774,20
k141_51466,10
k141_1445,6
k141_9948,17
k141_20964,10
k141_7886,0
k141_36250,11
k141_18559,21
k141_34089,8
k141_51467,10
k141_47117,17
k141_29776,0
k141_16734,8
k141_23219,9
k141_38517,21
k141_31921,19
k141_1447,6
k141_12359,19
k141_25433,2
k141_29777,2
k141_31922,17
k141_40644,8
k141_23220,9
k141_34095,17
k141_5583,6
k141_36257,21
k141_12361,17
k141_47120,0
k141_49325,9
k141_51471,2
k141_29778,20
k141_1450,20
k141_14594,20
k141_42889,9
k141_40647,19
k141_12362,21
k141_47121,10
k141_7894,10
k141_20972,2
k141_16738,10
k141_25437,11
k141_23222,19
k141_51472,8
k141_25438,19
k141_5584,11
k141_12364,20
k141_36264,21
k141_38530,6
k141_34104,10
k141_23226,9
k141_27570,11
k141_25439,21
k141_9951,11
k141_7900,20
k141_49336,19
k141_25443,6
k141_31941,10
k141_29792,6
k141_14606,8
k141_49339,17
k141_47133,19
k141_7904,19
k141_20989,9
k141_3557,2
k141_25446,8
k141_40662,9
k141_34116,10
k141_5598,10
k141_42909,0
k141_3558,20
k141_40664,8
k141_31944,20
k141_12377,11
k141_34117,20
k141_25448,2
k141_29797,8
k141_1473,9
k141_36282,9
k141_42911,2
k141_1474,10
k141_5601,9
k141_40667,21
k141_34119,10
k141_27587,17
k141_7909,21
k141_47140,9
k141_14616,19
k141_18578,11
k141_25453,17
k141_34120,10
k141_9969,19
k141_16754,20
k141_12381,21
k141_40669,20
k141_23247,6
k141_38537,11
k141_29803,2
k141_51502,20
k141_3568,20
k141_49351,10
k141_42917,9
k141_47147,9
k141_31956,9
k141_1479,17
k141_7916,10
k141_38541,10
k141_25460,10
k141_40675,17
k141_18585,21
k141_34128,21
k141_29809,10
k141_1480,19
k141_12389,20
k141_23256,21
k141_49355,17
k141_16756,19
k141_34130,17
k141_25465,6
k141_29811,10
k141_1482,0
k141_3576,2
k141_36300,8
k141_31962,10
k141_23260,19
k141_7923,8
k141_47158,21
k141_1483,10
k141_42925,10
k141_12395,9
k141_21011,20
k141_45000,20
k141_5613,10
k141_7925,20
k141_27606,19
k141_49360,6
k141_34136,17
k141_18587,10
k141_36305,20
k141_42930,6
k141_47166,2
k141_27610,10
k141_7926,2
k141_38557,20
k141_34138,20
k141_3585,21
k141_12403,21
k141_42931,17
k141_14644,10
k141_49366,6
k141_23269,9
k141_18591,19
k141_31971,17
k141_45006,9
k141_36311,9
k141_29824,9
k141_1492,6
k141_25479,0
k141_38559,10
k141_29825,20
k141_14648,19
k141_51517,12
k141_45008,5
k141_25480,19
k141_34143,10
k141_21021,20
k141_47173,19
k141_1493,10
k141_40695,8
k141_3589,8
k141_27617,10
k141_18596,10
k141_31977,2
k141_51520,8
k141_47174,10
k141_23271,11
k141_45011,19
k141_18597,6
k141_14654,0
k141_1498,20
k141_3593,9
k141_36318,20
k141_21024,20
k141_42942,10
k141_38563,9
k141_49377,4
k141_27620,9
k141_10002,6
k141_47178,21
k141_7927,11
k141_1502,20
k141_23275,10
k141_42945,0
k141_38566,0
k141_49378,17
k141_3600,19
k141_47179,10
k141_21027,9
k141_25494,10
k141_29834,10
k141_27626,8
k141_45020,10
k141_7934,18
k141_49382,20
k141_5640,20
k141_51534,9
k141_34156,9
k141_25497,5
k141_27628,20
k141_21029,11
k141_3604,21
k141_42955,9
k141_7937,2
k141_47186,9
k141_29839,10
k141_34157,21
k141_16793,0
k141_51537,10
k141_49387,9
k141_31990,8
k141_10014,11
k141_18611,21
k141_12427,20
k141_1515,9
k141_5649,21
k141_36340,8
k141_14670,11
k141_25503,8
k141_12428,9
k141_23278,11
k141_40719,19
k141_3608,6
k141_42958,20
k141_38582,9
k141_14671,10
k141_27637,20
k141_31993,19
k141_12429,8
k141_25505,17
k141_29851,6
k141_51543,20
k141_45036,21
k141_40721,11
k141_18617,21
k141_12432,10
k141_10017,11
k141_34169,9
k141_29855,0
k141_27643,7
k141_21045,10
k141_14678,10
k141_16806,21
k141_36351,21
k141_25512,9
k141_49401,10
k141_7957,10
k141_38586,20
k141_14679,8
k141_45041,8
k141_29857,0
k141_7958,10
k141_23292,21
k141_5661,20
k141_51552,21
k141_34177,9
k141_18626,9
k141_7960,10
k141_40734,20
k141_21051,19
k141_42973,10
k141_32009,10
k141_10023,11
k141_34181,10
k141_21053,19
k141_14686,9
k141_1528,9
k141_25524,10
k141_10024,20
k141_34182,10
k141_18630,19
k141_45050,9
k141_7961,20
k141_29867,10
k141_16817,10
k141_40740,20
k141_47217,21
k141_23302,6
k141_32011,17
k141_16818,21
k141_42981,8
k141_34183,8
k141_12452,21
k141_25527,21
k141_18634,9
k141_14691,19
k141_36376,9
k141_47222,21
k141_12453,10
k141_29873,2
k141_42983,8
k141_16820,21
k141_27663,9
k141_45056,0
k141_7969,6
k141_42984,20
k141_32016,10
k141_36377,10
k141_14693,21
k141_18636,8
k141_38617,9
k141_25529,19
k141_49423,10
k141_21067,2
k141_42988,8
k141_36380,17
k141_51577,0
k141_10036,10
k141_7974,8
k141_3646,20
k141_12464,2
k141_38621,9
k141_49427,4
k141_34197,9
k141_36382,10
k141_25537,20
k141_45069,9
k141_5674,17
k141_3649,8
k141_7978,6
k141_10040,9
k141_29880,10
k141_47235,0
k141_14700,17
k141_42993,10
k141_32030,10
k141_34201,19
k141_40763,4
k141_7980,10
k141_45075,0
k141_10044,6
k141_42994,2
k141_32031,19
k141_49433,9
k141_16837,20
k141_14705,10
k141_7981,21
k141_27685,20
k141_1542,9
k141_10046,17
k141_18641,10
k141_47240,10
k141_45077,9
k141_49434,19
k141_36390,20
k141_51584,2
k141_38634,6
k141_18643,17
k141_7985,9
k141_23337,19
k141_16842,10
k141_12478,6
k141_14710,10
k141_32036,21
k141_34212,10
k141_51586,17
k141_43001,2
k141_29891,17
k141_14711,19
k141_27687,10
k141_16843,21
k141_21081,8
k141_34214,8
k141_5682,10
k141_27688,19
k141_1546,8
k141_10053,20
k141_51589,10
k141_45082,20
k141_32037,11
k141_21082,19
k141_25559,8
k141_47250,19
k141_43002,11
k141_12485,18
k141_36402,2
k141_14716,8
k141_10058,20
k141_16845,21
k141_32040,18
k141_34222,20
k141_47253,6
k141_7997,6
k141_38651,19
k141_23343,8
k141_45088,10
k141_43004,6
k141_51596,20
k141_32042,10
k141_12491,6
k141_10060,6
k141_36405,20
k141_27696,8
k141_1552,20
k141_29905,6
k141_43007,20
k141_18657,9
k141_5693,2
k141_40792,10
k141_3679,0
k141_32044,21
k141_45091,10
k141_34228,19
k141_25566,10
k141_51597,20
k141_8000,10
k141_5694,8
k141_3680,0
k141_45093,10
k141_23351,17
k141_18658,20
k141_51598,20
k141_32046,10
k141_27700,2
k141_49462,9
k141_14726,2
k141_36409,11
k141_45094,21
k141_1559,2
k141_21089,19
k141_47264,6
k141_27701,10
k141_25568,2
k141_12502,8
k141_49463,2
k141_34232,6
k141_40797,17
k141_43012,9
k141_1561,9
k141_23355,9
k141_3685,10
k141_38665,21
k141_34235,20
k141_49468,21
k141_23357,0
k141_5703,9
k141_1562,19
k141_25569,11
k141_32055,8
k141_27709,10
k141_10081,2
k141_38667,10
k141_51608,10
k141_5704,20
k141_14736,21
k141_49470,9
k141_21093,10
k141_12510,21
k141_25572,20
k141_10082,10
k141_1565,20
k141_36421,8
k141_8019,10
k141_32058,5
k141_29925,21
k141_16871,9
k141_38671,6
k141_51611,11
k141_1567,9
k141_36422,10
k141_18669,9
k141_47279,10
k141_23370,21
k141_14740,11
k141_25577,17
k141_38673,20
k141_49475,11
k141_10086,19
k141_40812,6
k141_12517,21
k141_27712,17
k141_23372,20
k141_18673,6
k141_47284,10
k141_8020,11
k141_49476,10
k141_25581,18
k141_43021,10
k141_51615,9
k141_3707,10
k141_29932,21
k141_16880,6
k141_21100,17
k141_23374,21
k141_14747,19
k141_45124,2
k141_10094,2
k141_34256,10
k141_25585,2
k141_5724,20
k141_51619,9
k141_8028,21
k141_3712,10
k141_27722,20
k141_40821,21
k141_32076,21
k141_12528,9
k141_21105,10
k141_47288,11
k141_49482,2
k141_36440,8
k141_3714,17
k141_1589,2
k141_25589,20
k141_38690,20
k141_10100,0
k141_8033,8
k141_12531,8
k141_40824,2
k141_51627,6
k141_32079,21
k141_14760,11
k141_36445,6
k141_23388,5
k141_21111,9
k141_25594,20
k141_8034,2
k141_10102,8
k141_40825,21
k141_43029,10
k141_51629,0
k141_12536,18
k141_3722,21
k141_34270,10
k141_14762,9
k141_12537,9
k141_29952,0
k141_18688,9
k141_45141,9
k141_8039,9
k141_10107,19
k141_36453,21
k141_1603,8
k141_25601,6
k141_34275,20
k141_51633,5
k141_3727,19
k141_40831,21
k141_16896,20
k141_18692,17
k141_23400,9
k141_21116,20
k141_38703,9
k141_32089,10
k141_5748,20
k141_3731,9
k141_47310,9
k141_36460,21
k141_8045,10
k141_45150,10
k141_12550,8
k141_10114,20
k141_14778,2
k141_47312,21
k141_23406,21
k141_38707,19
k141_18699,9
k141_32090,21
k141_27747,20
k141_1613,10
k141_8051,9
k141_3737,9
k141_43044,8
k141_23410,8
k141_29968,17
k141_38711,20
k141_49515,9
k141_51646,8
k141_5752,10
k141_36469,6
k141_18703,20
k141_14784,10
k141_45159,10
k141_32093,9
k141_38712,10
k141_10123,10
k141_51649,9
k141_12551,2
k141_40847,21
k141_49517,20
k141_43050,17
k141_29972,21
k141_38716,17
k141_16917,20
k141_25621,17
k141_45167,10
k141_27761,6
k141_3749,6
k141_10126,20
k141_29974,10
k141_49518,9
k141_25622,2
k141_36480,19
k141_18706,8
k141_34300,10
k141_49520,10
k141_43056,9
k141_21132,10
k141_32102,0
k141_29978,9
k141_10130,6
k141_40859,6
k141_51661,8
k141_8068,21
k141_47328,10
k141_29980,10
k141_43059,9
k141_45176,9
k141_3756,21
k141_25628,11
k141_1636,9
k141_23430,9
k141_32103,10
k141_38725,10
k141_8071,17
k141_12561,19
k141_14806,19
k141_23432,17
k141_1638,9
k141_18712,10
k141_38727,8
k141_29985,2
k141_23433,10
k141_27779,6
k141_16934,0
k141_1642,9
k141_38730,9
k141_5778,19
k141_10146,2
k141_38731,20
k141_45186,9
k141_18718,21
k141_29989,19
k141_23437,7
k141_8080,20
k141_25637,9
k141_38732,9
k141_36497,11
k141_10148,10
k141_45187,19
k141_49539,0
k141_32113,10
k141_40869,10
k141_14814,0
k141_16939,20
k141_38733,21
k141_51675,10
k141_5780,9
k141_12570,21
k141_32115,20
k141_16942,2
k141_1650,6
k141_36502,19
k141_10153,21
k141_47350,10
k141_45193,19
k141_38735,9
k141_18723,17
k141_49543,6
k141_29993,10
k141_40873,18
k141_43076,19
k141_25642,21
k141_12573,19
k141_27791,9
k141_36503,17
k141_38737,21
k141_8090,17
k141_34330,20
k141_51682,21
k141_5786,19
k141_1654,11
k141_29996,10
k141_10158,5
k141_8092,9
k141_25646,10
k141_21154,8
k141_23457,9
k141_34332,2
k141_38739,10
k141_27799,0
k141_3783,9
k141_32126,20
k141_36510,0
k141_27800,0
k141_5790,10
k141_1656,8
k141_40880,10
k141_32127,10
k141_45201,10
k141_12582,8
k141_49551,17
k141_43086,17
k141_18733,10
k141_47361,21
k141_8099,9
k141_34337,9
k141_36512,19
k141_23464,21
k141_43089,8
k141_47362,8
k141_29999,19
k141_40885,20
k141_8102,9
k141_25657,5
k141_5797,10
k141_34340,6
k141_43092,17
k141_23470,8
k141_1663,20
k141_38750,2
k141_10172,20
k141_36520,17
k141_45212,17
k141_51704,10
k141_40888,2
k141_1665,21
k141_25660,10
k141_21172,10
k141_23472,17
k141_12593,17
k141_43096,10
k141_5801,17
k141_25661,21
k141_23473,17
k141_51708,10
k141_34345,20
k141_38755,2
k141_10182,9
k141_18743,10
k141_14855,20
k141_40893,2
k141_43097,10
k141_45219,20
k141_3806,19
k141_34346,10
k141_25662,21
k141_38758,10
k141_30017,9
k141_49572,10
k141_3807,21
k141_8113,10
k141_5807,19
k141_18747,6
k141_51712,8
k141_38759,20
k141_10184,20
k141_14858,17
k141_12598,10
k141_27824,21
k141_3811,10
k141_21184,21
k141_45222,21
k141_30022,20
k141_38763,9
k141_25669,9
k141_14861,9
k141_32156,10
k141_43111,6
k141_21185,21
k141_51718,10
k141_3814,17
k141_23488,8
k141_36535,9
k141_34358,8
k141_32157,20
k141_47387,6
k141_12604,20
k141_40902,20
k141_3815,20
k141_16987,0
k141_5812,9
k141_49583,21
k141_27832,10
k141_23491,17
k141_18757,9
k141_32159,9
k141_34363,17
k141_45230,20
k141_36540,21
k141_10197,8
k141_5814,10
k141_40905,10
k141_3817,2
k141_16991,17
k141_21194,10
k141_1694,10
k141_5815,6
k141_12606,20
k141_30032,19
k141_25682,10
k141_8131,10
k141_27833,9
k141_36546,0
k141_16994,8
k141_23499,20
k141_45231,8
k141_3822,0
k141_8134,8
k141_38777,20
k141_23501,9
k141_18760,0
k141_10204,9
k141_5819,17
k141_49597,8
k141_43130,10
k141_34373,6
k141_32166,17
k141_16997,9
k141_47401,6
k141_30039,2
k141_5820,10
k141_10207,10
k141_36552,10
k141_3823,20
k141_34375,6
k141_17001,6
k141_18764,9
k141_23509,10
k141_12613,21
k141_43133,20
k141_12614,10
k141_25695,9
k141_47408,17
k141_49608,10
k141_1711,10
k141_36559,9
k141_21207,0
k141_38786,12
k141_23512,20
k141_17005,17
k141_30051,9
k141_34383,10
k141_36561,21
k141_1714,20
k141_51744,21
k141_12617,21
k141_45249,10
k141_38787,9
k141_27853,6
k141_47409,10
k141_32176,10
k141_8153,19
k141_21210,20
k141_1716,21
k141_18771,10
k141_38788,9
k141_40926,2
k141_34387,10
k141_43147,6
k141_47414,10
k141_12625,0
k141_10220,20
k141_18773,20
k141_51747,0
k141_30059,21
k141_27856,10
k141_17015,21
k141_36567,11
k141_5829,18
k141_21214,9
k141_3839,17
k141_12627,6
k141_47415,9
k141_30060,21
k141_8160,19
k141_27857,17
k141_40931,10
k141_32186,10
k141_45261,19
k141_17017,9
k141_21216,2
k141_34398,10
k141_27859,8
k141_3841,9
k141_38795,21
k141_47418,10
k141_14879,11
k141_36572,20
k141_10227,6
k141_17018,20
k141_23534,19
k141_32188,10
k141_18777,9
k141_14880,10
k141_12634,9
k141_21221,19
k141_10228,6
k141_17021,20
k141_25710,11
k141_1726,11
k141_38800,17
k141_5841,0
k141_40939,6
k141_49629,10
k141_43162,0
k141_27865,10
k141_18781,0
k141_32193,9
k141_14884,10
k141_34404,8
k141_45267,9
k141_23539,17
k141_25711,17
k141_8170,19
k141_38802,20
k141_36573,21
k141_1730,8
k141_49633,10
k141_40943,21
k141_34406,10
k141_10233,9
k141_5844,10
k141_1731,9
k141_21226,0
k141_30079,0
k141_8173,10
k141_23543,6
k141_43166,8
k141_34407,20
k141_38805,9
k141_32203,20
k141_45274,0
k141_14891,10
k141_1732,11
k141_51760,17
k141_12644,10
k141_5848,8
k141_3858,9
k141_27872,17
k141_23546,20
k141_18786,8
k141_1733,17
k141_17033,10
k141_21229,9
k141_8177,20
k141_27873,5
k141_49639,8
k141_40947,20
k141_32206,8
k141_3859,20
k141_25723,8
k141_14892,17
k141_21231,8
k141_12647,8
k141_30087,9
k141_8178,10
k141_36584,2
k141_43175,9
k141_12648,17
k141_17038,19
k141_32211,10
k141_49645,10
k141_38817,20
k141_25724,10
k141_47441,10
k141_10250,19
k141_17039,8
k141_8182,10
k141_5857,21
k141_43180,10
k141_25725,8
k141_40959,21
k141_3872,20
k141_45290,10
k141_21243,8
k141_34428,10
k141_5858,8
k141_25729,9
k141_27888,9
k141_38821,9
k141_47448,17
k141_5859,19
k141_18799,17
k141_21244,6
k141_43184,6
k141_49653,9
k141_3876,10
k141_27889,10
k141_38823,10
k141_14901,21
k141_10261,8
k141_51780,9
k141_34432,19
k141_45293,20
k141_30103,10
k141_8188,19
k141_25734,21
k141_43187,5
k141_34433,9
k141_1761,21
k141_27892,10
k141_17052,6
k141_12667,9
k141_21249,6
k141_27893,6
k141_34436,10
k141_43188,9
k141_49657,10
k141_51785,21
k141_40970,10
k141_47459,10
k141_1763,8
k141_45300,10
k141_3886,19
k141_5869,9
k141_8199,18
k141_30112,17
k141_10270,10
k141_21254,8
k141_12676,10
k141_27900,20
k141_43192,10
k141_5870,20
k141_14912,9
k141_25741,10
k141_18811,0
k141_3891,8
k141_47463,20
k141_36616,9
k141_8202,2
k141_34443,8
k141_1771,10
k141_17066,10
k141_3894,10
k141_25743,11
k141_10277,8
k141_45306,21
k141_23588,8
k141_47466,20
k141_49666,11
k141_43197,20
k141_21260,20
k141_23589,21
k141_51797,10
k141_45307,20
k141_14919,6
k141_40986,17
k141_3898,6
k141_47469,2
k141_10280,17
k141_36623,9
k141_34451,20
k141_25745,9
k141_5878,8
k141_18819,9
k141_32251,2
k141_45311,9
k141_43198,9
k141_38852,20
k141_25747,6
k141_10282,9
k141_51803,2
k141_49670,19
k141_32253,21
k141_27919,20
k141_25748,10
k141_23598,10
k141_32254,8
k141_25749,2
k141_34459,19
k141_45316,2
k141_14929,17
k141_17071,8
k141_47481,20
k141_5885,20
k141_30124,11
k141_51806,11
k141_45318,18
k141_1788,9
k141_12691,10
k141_10287,9
k141_32256,6
k141_14931,21
k141_40998,10
k141_5886,19
k141_18832,10
k141_17074,9
k141_49678,9
k141_25754,0
k141_10288,6
k141_21275,11
k141_36636,9
k141_45322,8
k141_51808,21
k141_14932,8
k141_12695,8
k141_3916,21
k141_47486,20
k141_32257,10
k141_38868,9
k141_5887,6
k141_10289,8
k141_14933,21
k141_47488,17
k141_18837,2
k141_1795,21
k141_3920,8
k141_32260,10
k141_17076,11
k141_36638,6
k141_8215,9
k141_45330,9
k141_41002,10
k141_18838,21
k141_5890,21
k141_38873,20
k141_51816,2
k141_32261,2
k141_10292,10
k141_49686,19
k141_25766,21
k141_23618,17
k141_34479,20
k141_27938,6
k141_17080,21
k141_45334,10
k141_25768,21
k141_23619,2
k141_51820,0
k141_41008,19
k141_10296,20
k141_18843,17
k141_47497,19
k141_21290,9
k141_14945,19
k141_49694,21
k141_27943,20
k141_12705,17
k141_1807,20
k141_36649,20
k141_38878,10
k141_25771,20
k141_34485,20
k141_43233,19
k141_23620,11
k141_5902,10
k141_32272,20
k141_18847,19
k141_38880,10
k141_27945,19
k141_1812,10
k141_18849,21
k141_12707,21
k141_45345,6
k141_21297,0
k141_8223,10
k141_3936,0
k141_10312,9
k141_51832,10
k141_36657,20
k141_30159,20
k141_12709,20
k141_5909,0
k141_21298,8
k141_18851,21
k141_36659,8
k141_1818,21
k141_14954,19
k141_43242,8
k141_47510,21
k141_10313,11
k141_41020,21
k141_3940,17
k141_17099,20
k141_49704,21
k141_34496,9
k141_25787,10
k141_36662,6
k141_32283,9
k141_45353,2
k141_8226,20
k141_30165,9
k141_21303,9
k141_25789,19
k141_41024,9
k141_14958,10
k141_17100,9
k141_30166,19
k141_1822,21
k141_5916,10
k141_43247,9
k141_12716,20
k141_25793,9
k141_36670,10
k141_51834,10
k141_43248,9
k141_41030,8
k141_5918,0
k141_17104,17
k141_3949,9
k141_10324,19
k141_49710,20
k141_21309,6
k141_18862,17
k141_23645,0
k141_12720,6
k141_14966,8
k141_25795,2
k141_30177,9
k141_14967,9
k141_21313,21
k141_32299,19
k141_41034,20
k141_10325,10
k141_30179,6
k141_17110,6
k141_34515,10
k141_36680,5
k141_5919,20
k141_25797,21
k141_14969,9
k141_47528,18
k141_41038,10
k141_23649,11
k141_18869,10
k141_17114,9
k141_3961,10
k141_21319,21
k141_1844,8
k141_14973,9
k141_34522,2
k141_23652,20
k141_49721,20
k141_36690,8
k141_3963,21
k141_47533,10
k141_38920,6
k141_25804,6
k141_1848,20
k141_43262,21
k141_45382,17
k141_27981,21
k141_30187,21
k141_10332,21
k141_23654,21
k141_34525,21
k141_21328,0
k141_8250,10
k141_18875,8
k141_3965,10
k141_47535,11
k141_51855,2
k141_5934,9
k141_23657,19
k141_43263,10
k141_30188,0
k141_12739,9
k141_32316,17
k141_36698,19
k141_14975,18
k141_10336,10
k141_38926,9
k141_27988,10
k141_25807,10
k141_17121,11
k141_3969,6
k141_34526,20
k141_43266,21
k141_14976,17
k141_41053,21
k141_45391,8
k141_21335,21
k141_51860,21
k141_14977,9
k141_5940,21
k141_43269,8
k141_38930,19
k141_8258,20
k141_23665,19
k141_27993,10
k141_1859,11
k141_21337,10
k141_30192,11
k141_8260,9
k141_21341,10
k141_10339,9
k141_1861,2
k141_34536,8
k141_17129,9
k141_32326,6
k141_45397,8
k141_25820,21
k141_3974,21
k141_49741,6
k141_1862,5
k141_47548,20
k141_30198,17
k141_36714,0
k141_21343,6
k141_8263,19
k141_12749,8
k141_45398,10
k141_23674,10
k141_51870,21
k141_18876,11
k141_28001,9
k141_41067,8
k141_47549,21
k141_3978,20
k141_17137,20
k141_12752,20
k141_32333,9
k141_1868,10
k141_45403,20
k141_36719,17
k141_47551,21
k141_28003,9
k141_14993,17
k141_30208,9
k141_17139,10
k141_49749,10
k141_34546,20
k141_41071,21
k141_23681,21
k141_43285,19
k141_51878,21
k141_30210,6
k141_1873,9
k141_32337,8
k141_3983,2
k141_41072,10
k141_21354,10
k141_25833,21
k141_51880,20
k141_45411,0
k141_10352,9
k141_12761,9
k141_3985,17
k141_49755,10
k141_28011,21
k141_32339,6
k141_47554,11
k141_21356,8
k141_15000,8
k141_5962,10
k141_17146,19
k141_49756,0
k141_51884,6
k141_41073,21
k141_34555,21
k141_45417,21
k141_3988,17
k141_1883,21
k141_49757,8
k141_25839,10
k141_30219,10
k141_51885,17
k141_43297,9
k141_8285,21
k141_17147,9
k141_38968,20
k141_12767,8
k141_47559,9
k141_36738,2
k141_23694,8
k141_3990,9
k141_41077,17
k141_15003,17
k141_8287,2
k141_38970,20
k141_32344,17
k141_41081,10
k141_49763,19
k141_5970,21
k141_45425,10
k141_3991,10
k141_47561,10
k141_12774,9
k141_49766,9
k141_15011,20
k141_47562,20
k141_17159,21
k141_45428,19
k141_25848,10
k141_1894,21
k141_32349,12
k141_43309,6
k141_30237,10
k141_8294,10
k141_41087,6
k141_49770,17
k141_17163,20
k141_15015,19
k141_18907,20
k141_12781,9
k141_30239,20
k141_28036,21
k141_21376,9
k141_34576,17
k141_45435,17
k141_10374,8
k141_32355,0
k141_36751,17
k141_18910,17
k141_17167,20
k141_41091,17
k141_5980,9
k141_34580,20
k141_32356,10
k141_4007,21
k141_43317,9
k141_8306,9
k141_30242,21
k141_23719,20
k141_1911,9
k141_34582,20
k141_25862,21
k141_38996,2
k141_51909,9
k141_5982,20
k141_45443,6
k141_15027,21
k141_8308,0
k141_49784,2
k141_18918,19
k141_1914,0
k141_4014,9
k141_38999,20
k141_45446,20
k141_36763,8
k141_23725,10
k141_47582,9
k141_8311,9
k141_25866,10
k141_4015,6
k141_32367,6
k141_41099,10
k141_28051,9
k141_21389,8
k141_17176,5
k141_51914,20
k141_45447,17
k141_30252,20
k141_25868,6
k141_1918,10
k141_23727,10
k141_4016,9
k141_43327,20
k141_12798,10
k141_18922,10
k141_17178,21
k141_32370,8
k141_5987,9
k141_34592,20
k141_36769,6
k141_23730,8
k141_1920,10
k141_18923,19
k141_47589,2
k141_41105,21
k141_1921,21
k141_8314,11
k141_49792,11
k141_4021,21
k141_36772,9
k141_12802,20
k141_30260,21
k141_18924,0
k141_23731,10
k141_45454,20
k141_25873,10
k141_39010,6
k141_12803,10
k141_32378,10
k141_43335,8
k141_39011,21
k141_36775,8
k141_4025,17
k141_30262,20
k141_5989,11
k141_51924,10
k141_34605,20
k141_47596,0
k141_43336,20
k141_23736,19
k141_21400,20
k141_15040,11
k141_39014,8
k141_12806,9
k141_4027,21
k141_23737,21
k141_51928,6
k141_1933,9
k141_5992,9
k141_43339,21
k141_45466,9
k141_15042,10
k141_25882,21
k141_1934,17
k141_39018,21
k141_23738,8
k141_47599,10
k141_32388,20
k141_28063,10
k141_43343,10
k141_8328,10
k141_1935,21
k141_51933,21
k141_39019,5
k141_10410,9
k141_23741,6
k141_4033,20
k141_5996,13
k141_41124,9
k141_21407,21
k141_18944,17
k141_51935,19
k141_39021,20
k141_43346,10
k141_36788,10
k141_5999,6
k141_21408,6
k141_30281,17
k141_47603,21
k141_28070,21
k141_10414,17
k141_34623,20
k141_25890,11
k141_51939,9
k141_49815,21
k141_1945,2
k141_45483,10
k141_34625,10
k141_4042,21
k141_51941,21
k141_32398,9
k141_39030,9
k141_15062,2
k141_47607,10
k141_25895,21
k141_21414,0
k141_30290,10
k141_45486,21
k141_23753,0
k141_8341,9
k141_43355,17
k141_18949,21
k141_32399,21
k141_36800,9
k141_15066,9
k141_21415,20
k141_34632,10
k141_17214,10
k141_45489,10
k141_6011,10
k141_4046,10
k141_30299,10
k141_8347,21
k141_1956,10
k141_21419,20
k141_12839,21
k141_28088,8
k141_39034,10
k141_47620,20
k141_17220,21
k141_18957,18
k141_15078,10
k141_12843,20
k141_45496,19
k141_17222,10
k141_28092,8
k141_43369,9
k141_25911,2
k141_32407,10
k141_36809,20
k141_47623,17
k141_8351,17
k141_4058,21
k141_49821,10
k141_34639,10
k141_23769,20
k141_36810,21
k141_30302,11
k141_6026,9
k141_39040,20
k141_4061,19
k141_1962,17
k141_17226,21
k141_51957,9
k141_21430,9
k141_10444,21
k141_15079,10
k141_30306,10
k141_47625,20
k141_25916,21
k141_43376,8
k141_51958,17
k141_34642,10
k141_39044,2
k141_49828,9
k141_30310,9
k141_12856,21
k141_4064,21
k141_1967,8
k141_15080,9
k141_45510,6
k141_17235,6
k141_32418,21
k141_15084,4
k141_47633,10
k141_41167,6
k141_18970,10
k141_30314,10
k141_45513,10
k141_49831,10
k141_8367,17
k141_36825,2
k141_28106,17
k141_36826,6
k141_23790,21
k141_10458,2
k141_6042,9
k141_15086,19
k141_39054,20
k141_41170,19
k141_49833,9
k141_36827,10
k141_47638,9
k141_28109,10
k141_18972,10
k141_30316,20
k141_8370,21
k141_12864,21
k141_25932,20
k141_15088,19
k141_45519,20
k141_6045,20
k141_51971,10
k141_4077,20
k141_39056,9
k141_28111,20
k141_32428,9
k141_30318,17
k141_21453,19
k141_51972,6
k141_23795,9
k141_32429,10
k141_17249,20
k141_39059,8
k141_34665,6
k141_18975,8
k141_12866,20
k141_8377,19
k141_39060,6
k141_1985,21
k141_32433,0
k141_6050,11
k141_4084,8
k141_34667,9
k141_30325,9
k141_23796,17
k141_17253,21
k141_41182,20
k141_21460,10
k141_43403,20
k141_45530,21
k141_15094,10
k141_25943,4
k141_51978,17
k141_23797,8
k141_36838,8
k141_1989,9
k141_28121,10
k141_8385,19
k141_36839,21
k141_18980,20
k141_4090,9
k141_32441,21
k141_51981,2
k141_21462,10
k141_43409,20
k141_6053,21
k141_49852,2
k141_1992,10
k141_15100,8
k141_23800,21
k141_32444,9
k141_51983,21
k141_17263,20
k141_21465,6
k141_39073,6
k141_4097,21
k141_23801,0
k141_15102,20
k141_32447,21
k141_36845,17
k141_51987,6
k141_8392,11
k141_12886,10
k141_25954,18
k141_45544,20
k141_10484,20
k141_30342,9
k141_23803,9
k141_12888,10
k141_39078,21
k141_49859,11
k141_32451,6
k141_41197,21
k141_34686,6
k141_36849,21
k141_43418,11
k141_45547,10
k141_18995,17
k141_47671,21
k141_2000,21
k141_6066,8
k141_25958,17
k141_17272,10
k141_10487,21
k141_21475,20
k141_23808,10
k141_39081,11
k141_28136,10
k141_4108,9
k141_10488,0
k141_51992,10
k141_18998,9
k141_41201,10
k141_28137,20
k141_25959,9
k141_2004,17
k141_21482,9
k141_34693,2
k141_6072,8
k141_43426,2
k141_10493,0
k141_15105,11
k141_4111,10
k141_23815,10
k141_8409,8
k141_28138,10
k141_12900,10
k141_19002,20
k141_21484,21
k141_32456,11
k141_28139,8
k141_36863,21
k141_12901,20
k141_8410,10
k141_34698,20
k141_47681,8
k141_41209,20
k141_15109,5
k141_39093,21
k141_6079,21
k141_36864,9
k141_52001,10
k141_45563,2
k141_49876,9
k141_32459,9
k141_21488,21
k141_43434,5
k141_19006,10
k141_30365,6
k141_17283,21
k141_39095,17
k141_10503,6
k141_41212,8
k141_34703,6
k141_45565,19
k141_4122,17
k141_8416,10
k141_15113,10
k141_23826,12
k141_6086,2
k141_43437,10
k141_19009,19
k141_45567,0
k141_25976,21
k141_28146,9
k141_17287,6
k141_34707,0
k141_41217,19
k141_4125,19
k141_43439,10
k141_6090,9
k141_15118,19
k141_39103,19
k141_47692,17
k141_4127,17
k141_32470,20
k141_19012,9
k141_39104,2
k141_28150,10
k141_12914,2
k141_8421,10
k141_34709,19
k141_10514,21
k141_12915,21
k141_47695,0
k141_6094,10
k141_4129,20
k141_43443,9
k141_30380,21
k141_52018,9
k141_6097,21
k141_23833,10
k141_4131,9
k141_19016,21
k141_34714,4
k141_17298,21
k141_39109,21
k141_8425,20
k141_25988,17
k141_41229,17
k141_39110,10
k141_52019,21
k141_43449,21
k141_47697,21
k141_19017,20
k141_4137,11
k141_21506,17
k141_6102,20
k141_23839,10
k141_47698,10
k141_45592,8
k141_10525,2
k141_43452,10
k141_49903,8
k141_39114,10
k141_32485,19
k141_25993,6
k141_4140,9
k141_17304,21
k141_30389,2
k141_23842,19
k141_15140,20
k141_21513,10
k141_41235,17
k141_12929,21
k141_43456,6
k141_32488,10
k141_4143,8
k141_10529,21
k141_12930,9
k141_6111,10
k141_8433,10
k141_17309,10
k141_39120,17
k141_28169,10
k141_49913,9
k141_23846,2
k141_15145,0
k141_6112,10
k141_41240,20
k141_47708,9
k141_12933,20
k141_45601,21
k141_52032,10
k141_2047,6
k141_15146,17
k141_47709,10
k141_39125,10
k141_19032,21
k141_6114,17
k141_10533,0
k141_45604,19
k141_8443,21
k141_52034,0
k141_26005,11
k141_34739,9
k141_39128,10
k141_23853,21
k141_49922,19
k141_30406,20
k141_4157,21
k141_10536,17
k141_43469,21
k141_15153,19
k141_34740,8
k141_36914,19
k141_23854,10
k141_19036,19
k141_6116,11
k141_30408,10
k141_43472,10
k141_28182,21
k141_12944,21
k141_21530,0
k141_39133,21
k141_15156,6
k141_2060,10
k141_36916,17
k141_41257,6
k141_17320,11
k141_34745,0
k141_10545,6
k141_52047,2
k141_28184,20
k141_30412,9
k141_21532,10
k141_47723,10
k141_23861,19
k141_36921,19
k141_49932,9
k141_6124,17
k141_32505,2
k141_41262,10
k141_8454,11
k141_12947,10
k141_34751,8
k141_15166,2
k141_2067,20
k141_17330,10
k141_39140,10
k141_45627,2
k141_21537,19
k141_52049,21
k141_6129,21
k141_4171,10
k141_2068,10
k141_30421,9
k141_10555,17
k141_21540,21
k141_47731,10
k141_39141,19
k141_12950,20
k141_17335,6
k141_23874,10
k141_34757,6
k141_28197,2
k141_21543,17
k141_32513,17
k141_26028,10
k141_30427,8
k141_39144,19
k141_36939,8
k141_8466,10
k141_23876,20
k141_28199,10
k141_10563,10
k141_47735,17
k141_49937,10
k141_17341,19
k141_45643,17
k141_23877,2
k141_39146,9
k141_41279,10
k141_8468,10
k141_17343,0
k141_52068,9
k141_47738,8
k141_26033,8
k141_30432,21
k141_19060,21
k141_10564,10
k141_34764,19
k141_15179,20
k141_21552,20
k141_26036,10
k141_23879,20
k141_52070,9
k141_30437,8
k141_52071,10
k141_49947,20
k141_12967,8
k141_4189,10
k141_6152,10
k141_23884,9
k141_43505,9
k141_41293,0
k141_45653,2
k141_34769,20
k141_23885,19
k141_6153,10
k141_19070,6
k141_10574,20
k141_32524,19
k141_8478,17
k141_39150,17
k141_15187,21
k141_6154,6
k141_45655,10
k141_2093,21
k141_36957,8
k141_45656,8
k141_43507,21
k141_41296,11
k141_17354,6
k141_23889,21
k141_2094,4
k141_4199,10
k141_36961,19
k141_49958,2
k141_47755,8
k141_6159,10
k141_12977,10
k141_45661,0
k141_26050,21
k141_43511,6
k141_32528,10
k141_34776,10
k141_17358,2
k141_8490,8
k141_23891,9
k141_2095,11
k141_19083,10
k141_36962,21
k141_39158,11
k141_41303,20
k141_15189,11
k141_8494,20
k141_32533,6
k141_23894,9
k141_10587,21
k141_49965,2
k141_6166,9
k141_41305,2
k141_15192,21
k141_19086,20
k141_45667,11
k141_52091,9
k141_43519,10
k141_6167,6
k141_12986,9
k141_36965,21
k141_26062,17
k141_17370,20
k141_15194,10
k141_4213,10
k141_39164,19
k141_28239,10
k141_23895,20
k141_12987,0
k141_2101,20
k141_34787,9
k141_21585,19
k141_19088,17
k141_32538,10
k141_39165,9
k141_30467,8
k141_6169,20
k141_52095,6
k141_2102,2
k141_17372,20
k141_26066,10
k141_28240,0
k141_8500,20
k141_36970,10
k141_15200,10
k141_17373,20
k141_23898,17
k141_41314,19
k141_10594,10
k141_12991,9
k141_4221,8
k141_21590,20
k141_17375,8
k141_28241,21
k141_47777,21
k141_15202,21
k141_49977,20
k141_2105,8
k141_21591,8
k141_47778,0
k141_43530,9
k141_6177,20
k141_4225,9
k141_28243,10
k141_41320,0
k141_6178,17
k141_36978,10
k141_32552,6
k141_45686,0
k141_23907,6
k141_52107,8
k141_4227,20
k141_49984,17
k141_10601,8
k141_34801,6
k141_17385,9
k141_23908,5
k141_21597,8
k141_45688,6
k141_41322,17
k141_2114,6
k141_13000,17
k141_15207,11
k141_23910,19
k141_32559,21
k141_45690,6
k141_49987,21
k141_17389,2
k141_26086,20
k141_19103,20
k141_32560,10
k141_2116,20
k141_23914,8
k141_49988,21
k141_13003,9
k141_43543,2
k141_26087,9
k141_4235,9
k141_17393,9
k141_6183,17
k141_41330,17
k141_10606,9
k141_2119,20
k141_47789,20
k141_52121,10
k141_8524,10
k141_30482,17
k141_23916,21
k141_41332,6
k141_34814,21
k141_32568,20
k141_13008,6
k141_15216,17
k141_52125,17
k141_23918,20
k141_21612,0
k141_45700,2
k141_47792,10
k141_26089,6
k141_28260,11
k141_39200,10
k141_43550,9
k141_47793,2
k141_41337,19
k141_52126,6
k141_30487,10
k141_8525,10
k141_28261,20
k141_17402,8
k141_2128,9
k141_32573,19
k141_26091,10
k141_39204,6
k141_15218,11
k141_50003,8
k141_19119,9
k141_34822,21
k141_10616,9
k141_37003,8
k141_4249,17
k141_52128,11
k141_41344,10
k141_32578,9
k141_30495,9
k141_17407,2
k141_8526,17
k141_34827,17
k141_43559,20
k141_21622,10
k141_6201,0
k141_13023,8
k141_50011,20
k141_23934,21
k141_26101,2
k141_15226,19
k141_41348,8
k141_13024,10
k141_39209,10
k141_45715,6
k141_6203,0
k141_47804,10
k141_34830,0
k141_21626,6
k141_52135,10
k141_2132,10
k141_15227,8
k141_32583,9
k141_47805,21
k141_30503,19
k141_17413,0
k141_39211,6
k141_45717,10
k141_8532,0
k141_37011,10
k141_13027,21
k141_19132,20
k141_43565,10
k141_39214,10
k141_23940,10
k141_41352,21
k141_47806,8
k141_28278,8
k141_19133,21
k141_4266,0
k141_43567,19
k141_52141,10
k141_32589,21
k141_37016,0
k141_21633,10
k141_34837,19
k141_8538,9
k141_17420,5
k141_13032,9
k141_30511,20
k141_4268,10
k141_43570,9
k141_6211,17
k141_13033,10
k141_28279,20
k141_30513,10
k141_26111,11
k141_34840,21
k141_47813,20
k141_52148,6
k141_37021,20
k141_19138,10
k141_50028,0
k141_23951,21
k141_30515,11
k141_34843,5
k141_8547,10
k141_6218,19
k141_15243,21
k141_4278,6
k141_41361,0
k141_26117,10
k141_19142,21
k141_8549,18
k141_37024,10
k141_52155,9
k141_43579,9
k141_50031,6
k141_10651,20
k141_2156,6
k141_13045,2
k141_34846,20
k141_47821,10
k141_32604,9
k141_28283,8
k141_6219,10
k141_21640,11
k141_41365,2
k141_32605,10
k141_10652,2
k141_17439,6
k141_2158,10
k141_26123,10
k141_23958,20
k141_41366,21
k141_10653,21
k141_21643,19
k141_6224,10
k141_50040,9
k141_37033,9
k141_13051,21
k141_52166,8
k141_43590,17
k141_19149,21
k141_8562,0
k141_32609,2
k141_39241,11
k141_15260,19
k141_47833,9
k141_17446,0
k141_6225,20
k141_45739,20
k141_52170,9
k141_39245,6
k141_26130,19
k141_47837,19
k141_32613,2
k141_2171,10
k141_13056,10
k141_19158,9
k141_6227,20
k141_52173,9
k141_34862,20
k141_10656,21
k141_21656,9
k141_37046,19
k141_26135,6
k141_8574,19
k141_43603,21
k141_2175,10
k141_37047,21
k141_32617,17
k141_47844,6
k141_28289,21
k141_50061,9
k141_34868,17
k141_2177,21
k141_26138,6
k141_47846,0
k141_37049,6
k141_21659,0
k141_6234,10
k141_32621,20
k141_19163,9
k141_28290,21
k141_41394,9
k141_52185,6
k141_47847,10
k141_45751,10
k141_6236,21
k141_21662,2
k141_43612,10
k141_23984,10
k141_4310,9
k141_19166,6
k141_8585,9
k141_26146,19
k141_10669,10
k141_37057,2
k141_21668,21
k141_43615,10
k141_41401,9
k141_6244,20
k141_19168,2
k141_26148,8
k141_8587,21
k141_50075,11
k141_32637,10
k141_21672,19
k141_47855,21
k141_8590,6
k141_28299,0
k141_6250,6
k141_37065,10
k141_10676,9
k141_4323,6
k141_50081,0
k141_13082,8
k141_41411,20
k141_4324,17
k141_8593,8
k141_37069,9
k141_32646,19
k141_50084,10
k141_26161,21
k141_52203,10
k141_47859,11
k141_28306,8
k141_45767,9
k141_41416,10
k141_37072,10
k141_32648,20
k141_19179,2
k141_6263,2
k141_37073,10
k141_26168,10
k141_45773,9
k141_37076,21
k141_47864,11
k141_28316,6
k141_50098,8
k141_41428,21
k141_8612,21
k141_19184,9
k141_28319,17
k141_10696,21
k141_21706,21
k141_41429,8
k141_45784,8
k141_50106,10
k141_52220,21
k141_47868,11
k141_28323,2
k141_41432,10
k141_21710,21
k141_4344,11
k141_28325,18
k141_4345,10
k141_8623,20
k141_6283,10
k141_4346,17
k141_41435,9
k141_21716,10
k141_45799,10
k141_28332,20
k141_6287,8
k141_47878,19
k141_41436,10
k141_6288,17
k141_10715,10
k141_47879,20
k141_28334,8
k141_19203,20
k141_52234,9
k141_41437,6
k141_32691,19
k141_10716,6
k141_21726,10
k141_19205,1
k141_50118,21
k141_28341,6
k141_8625,11
k141_4360,20
k141_10724,8
k141_19210,9
k141_32693,11
k141_6301,10
k141_50122,21
k141_19212,21
k141_52255,17
k141_6302,11
k141_8638,10
k141_32703,20
k141_47898,10
k141_10731,17
k141_21750,20
k141_19224,9
k141_6312,8
k141_52261,10
k141_10735,21
k141_47900,10
k141_19225,0
k141_10737,2
k141_6314,21
k141_8650,19
k141_21759,9
k141_47903,9
k141_19230,21
k141_8654,6
k141_21761,6
k141_50137,8
k141_21766,10
k141_8659,20
k141_19235,8
k141_10753,11
k141_6331,0
k141_52281,10
k141_8666,2
k141_19238,10
k141_6333,21
k141_47918,10
k141_19239,0
k141_10756,17
k141_10757,6
k141_8673,21
k141_21782,10
k141_52286,11
k141_47927,9
k141_21783,10
k141_52288,17
k141_6338,9
k141_6339,9
k141_19257,6
k141_52293,9
k141_6341,9
k141_10772,20
k141_52294,6
k141_19261,0
k141_10775,9
k141_21795,21
k141_10778,21
k141_21796,19
k141_52301,20
k141_19268,20
k141_21797,8
k141_6356,17
k141_8696,9
k141_21800,0
k141_52303,17
k141_10780,21
k141_47960,10
k141_6358,10
k141_19269,21
k141_10784,8
k141_21806,10
k141_47964,19
k141_6364,21
k141_52308,19
k141_47968,9
k141_10792,10
k141_47970,10
k141_52311,18
k141_6369,21
k141_19280,20
k141_47975,21
k141_52312,4
k141_19283,0
k141_47978,19
k141_6378,17
k141_52318,10
k141_10807,10
k141_19291,19
k141_8718,8
k141_10809,11
k141_19297,21
k141_6379,17
k141_10811,10
k141_10815,6
k141_6385,8
k141_6391,20
k141_19311,17
k141_6392,10
k141_19315,10
k141_10834,17
k141_19323,10
k141_10842,0
k141_6413,0
k141_10851,10
k141_6421,10
k141_19336,20
k141_19339,9
k141_10865,5
k141_19342,8
k141_19348,20
k141_10878,17
k141_6453,9
k141_6455,10
k141_10883,21
k141_10885,20
k141_6458,9
k141_6459,10
k141_10887,8
k141_10890,21
k141_6466,21
k141_10895,11
k141_6467,2
k141_19378,6
k141_6468,8
k141_10900,0
k141_6479,21
k141_19392,9
k141_6481,10
k141_6487,10
k141_19401,4
k141_6494,8
k141_19405,21
k141_6497,8
k141_19406,21
k141_6504,6
k141_19416,0
k141_6527,10
k141_19432,10
k141_6536,9
k141_19438,0
k141_6540,9
k141_19462,9
k141_19464,4
k141_19466,10
k141_19469,20
k141_19470,17
k141_19471,0
k141_19473,17
k141_19478,20
k141_19479,6
k141_19483,20
k141_19493,10
k141_19506,21
k141_19510,19
k141_19525,10
k141_19526,20
k141_19528,21
k141_19532,21
k141_19540,8
k141_19559,19
k141_19560,20
k141_19561,6
k141_19582,9
k141_19585,2
k141_19586,0
k141_19589,9
k141_19599,6
k141_19600,20
